"PM25","timestamp","lat","lon"
4.9,"2021-01-08_19",24.531,120.853
13.6363636363636,"2021-01-08_19",22.677,120.526
4.72727272727273,"2021-01-08_19",24.447,120.721
8.58333333333333,"2021-01-08_19",25.072,121.205
5.63636363636364,"2021-01-08_19",24.697,120.891
4.7,"2021-01-08_19",24.806,120.941
5.09090909090909,"2021-01-08_19",23.564,119.583
4.7,"2021-01-08_19",24.817,121.767
24.7272727272727,"2021-01-08_19",24.044,120.69
5,"2021-01-08_19",24.312,120.824
5.81818181818182,"2021-01-08_19",24.827,121.032
5,"2021-01-08_19",24.695,120.912
2.3,"2021-01-08_19",24.579,121.868
14.2,"2021-01-08_19",24.656,121.578
7.53448275862069,"2021-01-08_19",25.062,121.451
5.7,"2021-01-08_19",24.41,120.765
6.4,"2021-01-08_19",25.051,121.544
5,"2021-01-08_19",24.38,120.882
2.45454545454545,"2021-01-08_19",24.687,121.799
1.5,"2021-01-08_19",24.728,121.226
4.8,"2021-01-08_19",24.869,120.991
5.18181818181818,"2021-01-08_19",24.696,120.899
3.45454545454545,"2021-01-08_19",24.739,121.161
18.1818181818182,"2021-01-08_19",22.717,120.486
3.36363636363636,"2021-01-08_19",24.661,121.798
1.9,"2021-01-08_19",24.707,121.77
4.09090909090909,"2021-01-08_19",24.576,120.851
22,"2021-01-08_19",22.687,120.596
25.6,"2021-01-08_19",22.401,120.577
4.8,"2021-01-08_19",23.566,119.669
6.7,"2021-01-08_19",23.175,121.249
2.2,"2021-01-08_19",24.522,121.833
15.3,"2021-01-08_19",22.785,120.559
6.54545454545455,"2021-01-08_19",24.764,120.992
19.7,"2021-01-08_19",23.705,120.249
15.6,"2021-01-08_19",22.702,120.572
5.9,"2021-01-08_19",24.562,120.748
4.90909090909091,"2021-01-08_19",23.601,119.506
3,"2021-01-08_19",24.753,121.755
5.72727272727273,"2021-01-08_19",24.661,120.821
18,"2021-01-08_19",22.488,120.507
0,"2021-01-08_19",22.002,120.747
0.4,"2021-01-08_19",24.471,121.777
16.8888888888889,"2021-01-08_19",22.562,120.48
4.1,"2021-01-08_19",24.014,121.609
10.8181818181818,"2021-01-08_19",23.495,120.427
21.4,"2021-01-08_19",22.462,120.461
16.9090909090909,"2021-01-08_19",22.659,120.509
4.2,"2021-01-08_19",24.448,120.721
17.1818181818182,"2021-01-08_19",22.693,120.541
0,"2021-01-08_19",24.574,121.478
5.45454545454545,"2021-01-08_19",24.774,121.083
5.4,"2021-01-08_19",24.652,120.85
5,"2021-01-08_19",23.57,119.498
2.22222222222222,"2021-01-08_19",22.73,121.108
4.36363636363636,"2021-01-08_19",24.675,120.913
19.1818181818182,"2021-01-08_19",22.693,120.544
10,"2021-01-08_19",23.487,120.465
4.95238095238095,"2021-01-08_19",23.364,119.525
2,"2021-01-08_19",24.678,121.609
4.81818181818182,"2021-01-08_19",23.595,119.616
25.4,"2021-01-08_19",24.625,121.148
4.9,"2021-01-08_19",24.899,121.038
4.1,"2021-01-08_19",23.522,119.595
1.1,"2021-01-08_19",24.595,121.836
8.18181818181818,"2021-01-08_19",25.06,121.203
4.9,"2021-01-08_19",24.838,121.002
4.81818181818182,"2021-01-08_19",24.847,120.977
16.1818181818182,"2021-01-08_19",22.804,120.577
6,"2021-01-08_19",23.05,121.164
49.6363636363636,"2021-01-08_19",24.448,118.337
4,"2021-01-08_19",24.588,120.735
1.27272727272727,"2021-01-08_19",24.678,121.766
4.1,"2021-01-08_19",23.527,119.568
1.45454545454545,"2021-01-08_19",23.578,121.375
4.3,"2021-01-08_19",24.635,120.973
3,"2021-01-08_19",24.718,121.115
2.72727272727273,"2021-01-08_19",24.744,121.722
1.6,"2021-01-08_19",24.732,121.251
16.2,"2021-01-08_19",22.616,120.523
3.1,"2021-01-08_19",24.93,121.036
4.23809523809524,"2021-01-08_19",24.418,120.685
3.2,"2021-01-08_19",24.78,121.18
20.8,"2021-01-08_19",22.512,120.537
13.2857142857143,"2021-01-08_19",23.489,120.428
5.2,"2021-01-08_19",24.602,120.778
4.63636363636364,"2021-01-08_19",24.473,120.776
19.0909090909091,"2021-01-08_19",23.469,120.175
25.8181818181818,"2021-01-08_19",22.592,120.614
23.5,"2021-01-08_19",23.32,120.345
5.72727272727273,"2021-01-08_19",24.832,121.015
3.6,"2021-01-08_19",24.398,120.866
1.5,"2021-01-08_19",25.124,121.722
1,"2021-01-08_19",23.601,121.521
2.6,"2021-01-08_19",23.819,121.473
5.3,"2021-01-08_19",24.702,120.878
7.1,"2021-01-08_19",24.813,121.128
3.45454545454545,"2021-01-08_19",24.675,121.059
25.3,"2021-01-08_19",22.671,120.485
4.55,"2021-01-08_19",24.624,120.894
18.3,"2021-01-08_19",22.739,120.62
5.3,"2021-01-08_19",24.83,121.006
3.2,"2021-01-08_19",24.768,121.225
24.6666666666667,"2021-01-08_19",24.113,120.722
0,"2021-01-08_19",24.135,120.648
22.25,"2021-01-08_19",23.187,120.266
0.636363636363636,"2021-01-08_19",24.632,121.792
6.72727272727273,"2021-01-08_19",24.995,121.202
29.9090909090909,"2021-01-08_19",22.96,120.222
7.45454545454545,"2021-01-08_19",24.85,121.289
4.9,"2021-01-08_19",23.571,119.569
2.18181818181818,"2021-01-08_19",24.665,121.829
39,"2021-01-08_19",23.673,120.256
5.4,"2021-01-08_19",22.764,121.043
4.55,"2021-01-08_19",24.794,120.978
9.7,"2021-01-08_19",23.479,120.424
5.2,"2021-01-08_19",24.499,120.827
3.18181818181818,"2021-01-08_19",24.559,120.709
2.45454545454545,"2021-01-08_19",21.913,120.848
0.3,"2021-01-08_19",24.445,121.778
4.18181818181818,"2021-01-08_19",24.579,120.826
4.72727272727273,"2021-01-08_19",24.505,120.825
5.63636363636364,"2021-01-08_19",24.612,120.794
4.9,"2021-01-08_19",24.506,120.716
18.8,"2021-01-08_19",22.641,120.536
4.90909090909091,"2021-01-08_19",24.735,121.088
1,"2021-01-08_19",24.668,121.713
0.5,"2021-01-08_19",24.474,121.785
21.2,"2021-01-08_19",23.757,120.349
7,"2021-01-08_19",23.741,119.614
25.5454545454545,"2021-01-08_19",24.951,121.232
3.9,"2021-01-08_19",23.971,121.586
2.6,"2021-01-08_19",22.747,121.136
18.4545454545455,"2021-01-08_19",23.604,120.241
30.5454545454545,"2021-01-08_19",23.707,120.538
27.6,"2021-01-08_19",22.975,120.241
11.5,"2021-01-08_19",24.68,121.246
2,"2021-01-08_19",24.79,121.007
21.2222222222222,"2021-01-08_19",23.468,120.461
7.4,"2021-01-08_19",24.648,121.151
3.7,"2021-01-08_19",24.032,121.605
4.5,"2021-01-08_19",23.528,119.591
23.7777777777778,"2021-01-08_19",22.685,120.492
32,"2021-01-08_19",23.755,120.615
9.6,"2021-01-08_19",24.332,120.649
34.6666666666667,"2021-01-08_19",23.483,120.487
4,"2021-01-08_19",23.842,121.508
6,"2021-01-08_19",24.82,121.033
6.54545454545455,"2021-01-08_19",24.797,121.335
9.45454545454546,"2021-01-08_19",24.957,121.082
19.3,"2021-01-08_19",24.971,121.249
25.3636363636364,"2021-01-08_19",23.16,120.182
20.4545454545455,"2021-01-08_19",23.461,120.24
19.3,"2021-01-08_19",23.6,120.179
11.1,"2021-01-08_19",23.484,120.488
54.75,"2021-01-08_19",23.241,120.126
4.09090909090909,"2021-01-08_19",23.417,121.371
1.45454545454545,"2021-01-08_19",23.497,121.446
2.72727272727273,"2021-01-08_19",23.978,121.595
6,"2021-01-08_19",24.829,121.071
3.57142857142857,"2021-01-08_19",24.936,121.887
29,"2021-01-08_19",22.992,120.294
25.7727272727273,"2021-01-08_19",23.099,120.225
19.9090909090909,"2021-01-08_19",23.604,120.394
32.0909090909091,"2021-01-08_19",23.046,120.446
31.1818181818182,"2021-01-08_19",23.317,120.403
8.91666666666667,"2021-01-08_19",24.973,121.102
21.2727272727273,"2021-01-08_19",23.123,120.2
25.15,"2021-01-08_19",22.582,120.488
8.66666666666667,"2021-01-08_19",24.926,121.018
9,"2021-01-08_19",23.466,121.406
52,"2021-01-08_19",24.445,118.377
4.1,"2021-01-08_19",23.43,121.348
29.8181818181818,"2021-01-08_19",23.034,120.268
10.8181818181818,"2021-01-08_19",25.041,121.291
12,"2021-01-08_19",23.461,120.456
1.3,"2021-01-08_19",24.126,121.653
2.1,"2021-01-08_19",23.782,121.563
33.6363636363636,"2021-01-08_19",23.534,120.457
23.7,"2021-01-08_19",22.346,120.369
6.13333333333333,"2021-01-08_19",24.382,120.759
26.9090909090909,"2021-01-08_19",22.528,120.65
18.2222222222222,"2021-01-08_19",22.749,120.485
5.9,"2021-01-08_19",24.89,121.054
33.2,"2021-01-08_19",22.669,120.498
9.2,"2021-01-08_19",24.836,121.019
16.1,"2021-01-08_19",24.791,120.957
12.6363636363636,"2021-01-08_19",24.96,121.175
18.3636363636364,"2021-01-08_19",24.266,120.809
5.5,"2021-01-08_19",24.814,121.025
7.1,"2021-01-08_19",24.811,121.03
1,"2021-01-08_19",24.668,121.654
0.4,"2021-01-08_19",24.437,121.381
20.3333333333333,"2021-01-08_19",22.571,120.575
3,"2021-01-08_19",24.771,121.754
12.3,"2021-01-08_19",23.62,120.459
5.45454545454545,"2021-01-08_19",24.704,121.048
11.5454545454545,"2021-01-08_19",24.329,121.74
4.2,"2021-01-08_19",23.285,121.286
1.3,"2021-01-08_19",23.406,121.32
30.2727272727273,"2021-01-08_19",23.512,120.472
20.2727272727273,"2021-01-08_19",23.556,120.345
13.0909090909091,"2021-01-08_19",24.926,121.104
16.9090909090909,"2021-01-08_19",23.542,120.19
13.5454545454545,"2021-01-08_19",24.938,121.127
23.2727272727273,"2021-01-08_19",23.006,120.197
24.8181818181818,"2021-01-08_19",22.963,120.236
22.8181818181818,"2021-01-08_19",24.139,120.669
29.9090909090909,"2021-01-08_19",23.439,120.539
21.9090909090909,"2021-01-08_19",24.98,121.302
27.0909090909091,"2021-01-08_19",22.932,120.18
11.7,"2021-01-08_19",23.846,121.491
16.5454545454545,"2021-01-08_19",22.466,120.456
0.454545454545455,"2021-01-08_19",24.641,121.279
0,"2021-01-08_19",22.205,120.701
10.6363636363636,"2021-01-08_19",23.464,120.44
33.375,"2021-01-08_19",23.514,120.23
0,"2021-01-08_19",23.02,120.227
24.75,"2021-01-08_19",23.183,120.26
9.85714285714286,"2021-01-08_19",24.811,121.002
4.4,"2021-01-08_19",23.325,121.318
2.9,"2021-01-08_19",23.46,121.352
0,"2021-01-08_19",21.941,120.732
21,"2021-01-08_19",23.462,120.173
113.333333333333,"2021-01-08_19",25.081,121.215
29.4545454545455,"2021-01-08_19",23.068,120.35
31.4285714285714,"2021-01-08_19",22.495,120.55
18.2,"2021-01-08_19",22.557,120.538
22.7,"2021-01-08_19",23.789,120.486
27.3636363636364,"2021-01-08_19",23.111,120.155
25.7272727272727,"2021-01-08_19",23.54,120.475
36.6363636363636,"2021-01-08_19",23.403,120.512
28.7272727272727,"2021-01-08_19",22.97,120.294
23.4545454545455,"2021-01-08_19",24.945,121.283
20.5454545454545,"2021-01-08_19",23.538,120.265
123,"2021-01-08_19",23.679,120.312
24.1818181818182,"2021-01-08_19",23.237,120.184
14.3636363636364,"2021-01-08_19",24.903,121.267
20.1818181818182,"2021-01-08_19",23.5,120.378
8.22222222222222,"2021-01-08_19",24.867,121.136
2.5,"2021-01-08_19",23.971,121.606
7.83333333333333,"2021-01-08_19",25.088,121.288
20.3636363636364,"2021-01-08_19",22.766,120.645
18.9,"2021-01-08_19",23.558,120.343
22.3636363636364,"2021-01-08_19",24.168,120.759
15,"2021-01-08_19",24.199,120.501
20.125,"2021-01-08_19",24.164,120.654
17.5454545454545,"2021-01-08_19",23.543,120.634
26.1818181818182,"2021-01-08_19",23.218,120.365
22.6666666666667,"2021-01-08_19",23.343,120.174
10.1818181818182,"2021-01-08_19",25.028,121.247
10.4,"2021-01-08_19",23.465,120.438
16.25,"2021-01-08_19",22.637,120.574
30.3333333333333,"2021-01-08_19",23.101,120.355
3.18181818181818,"2021-01-08_19",24.655,121.4
8.36363636363636,"2021-01-08_19",24.97,121.102
5.90909090909091,"2021-01-08_19",24.737,121.026
24.4545454545455,"2021-01-08_19",23.556,120.669
28.8181818181818,"2021-01-08_19",23.003,120.159
17.6363636363636,"2021-01-08_19",23.587,120.552
21.7272727272727,"2021-01-08_19",23.41,120.313
24.4,"2021-01-08_19",22.427,120.565
67.5454545454545,"2021-01-08_19",22.788,120.614
28.9,"2021-01-08_19",23.715,120.539
2.5,"2021-01-08_19",24.736,121.816
17,"2021-01-08_19",23.432,120.475
28.4545454545455,"2021-01-08_19",23.121,120.181
7.7,"2021-01-08_19",23.254,121.298
52.1818181818182,"2021-01-08_19",24.457,118.308
3.27272727272727,"2021-01-08_19",24.772,121.798
30.2222222222222,"2021-01-08_19",24.591,121.107
8.90909090909091,"2021-01-08_19",23.493,120.455
18.2727272727273,"2021-01-08_19",22.681,120.51
15.2727272727273,"2021-01-08_19",22.627,120.541
1.1,"2021-01-08_19",24.593,121.854
3.2,"2021-01-08_19",24.714,121.098
0.9,"2021-01-08_19",24.634,121.716
16.5454545454545,"2021-01-08_19",22.661,120.565
5.7,"2021-01-08_19",23.639,119.531
30.3333333333333,"2021-01-08_19",24.965,121.278
22.5454545454545,"2021-01-08_19",24.91,121.171
11.7272727272727,"2021-01-08_19",25.023,121.258
24.7272727272727,"2021-01-08_19",23.179,120.153
4.36363636363636,"2021-01-08_19",23.564,119.636
4.18181818181818,"2021-01-08_19",23.557,119.582
0,"2021-01-08_19",22.129,120.776
13.2,"2021-01-08_19",22.597,120.488
1.1,"2021-01-08_19",24.674,121.772
14.8,"2021-01-08_19",24.856,121.217
29.7272727272727,"2021-01-08_19",23.112,120.365
17.9,"2021-01-08_19",23.722,120.308
17.2,"2021-01-08_19",24.979,121.147
1,"2021-01-08_19",24.654,121.763
4.2,"2021-01-08_19",23.495,121.345
4,"2021-01-08_19",24.901,120.988
0,"2021-01-08_19",24.632,121.79
7.18181818181818,"2021-01-08_19",25.087,121.191
8.54545454545454,"2021-01-08_19",25.013,121.103
24.1818181818182,"2021-01-08_19",23.192,120.315
5.7,"2021-01-08_19",23.453,120.749
21.7777777777778,"2021-01-08_19",24.125,120.665
16.3636363636364,"2021-01-08_19",23.621,120.261
25.8,"2021-01-08_19",24.158,120.709
5.63636363636364,"2021-01-08_19",24.845,121.142
5.3,"2021-01-08_19",24.824,121.024
3.90909090909091,"2021-01-08_19",23.56,119.596
28.5454545454545,"2021-01-08_19",23.426,120.448
0,"2021-01-08_19",22.191,120.692
2.6,"2021-01-08_19",24.759,121.815
4.5,"2021-01-08_19",24.879,120.999
26.2,"2021-01-08_19",22.368,120.59
5.9,"2021-01-08_19",23.635,119.522
22.7272727272727,"2021-01-08_19",23.483,120.24
11.9090909090909,"2021-01-08_19",24.159,120.533
19.8181818181818,"2021-01-08_19",23.657,120.35
18.3333333333333,"2021-01-08_19",23.705,120.284
28.8,"2021-01-08_19",24.996,121.335
20.2727272727273,"2021-01-08_19",23.188,120.134
26.6363636363636,"2021-01-08_19",23.292,120.271
30.4545454545455,"2021-01-08_19",23.588,120.56
25.5,"2021-01-08_19",23.679,120.401
12.7272727272727,"2021-01-08_19",24.932,121.122
26.1818181818182,"2021-01-08_19",23.213,120.277
27.0909090909091,"2021-01-08_19",23.685,120.569
13.8181818181818,"2021-01-08_19",23.586,120.695
8,"2021-01-08_19",24.988,121.332
24.7272727272727,"2021-01-08_19",23.54,120.665
0,"2021-01-08_19",22.204,120.751
23.5454545454545,"2021-01-08_19",23.644,120.432
12.9090909090909,"2021-01-08_19",24.205,120.522
25,"2021-01-08_19",22.978,120.186
21.4545454545455,"2021-01-08_19",23.567,120.299
13.6363636363636,"2021-01-08_19",24.86,121.202
17.35,"2021-01-08_19",23.462,120.454
15.25,"2021-01-08_19",23.489,120.464
8,"2021-01-08_19",24.942,121.074
27.1666666666667,"2021-01-08_19",24.957,121.316
26.7272727272727,"2021-01-08_19",24.105,120.699
8.8,"2021-01-08_19",22.978,121.137
1.5,"2021-01-08_19",24.628,121.807
3.6,"2021-01-08_19",24.762,121.758
2.8,"2021-01-08_19",23.998,121.599
9.11111111111111,"2021-01-08_19",25.011,121.206
33,"2021-01-08_19",23.424,120.521
34.8181818181818,"2021-01-08_19",22.94,120.333
23.1818181818182,"2021-01-08_19",24.904,121.148
23.8333333333333,"2021-01-08_19",23.143,120.273
0.5,"2021-01-08_19",23.431,121.321
2.54545454545455,"2021-01-08_19",24.688,121.767
4.76190476190476,"2021-01-08_19",24.861,120.964
2.8,"2021-01-08_19",24.007,121.619
17.5454545454545,"2021-01-08_19",23.562,120.349
9.09090909090909,"2021-01-08_19",25.044,121.14
20.2222222222222,"2021-01-08_19",22.465,120.443
14.8,"2021-01-08_19",22.681,120.486
2.18181818181818,"2021-01-08_19",24.724,121.724
1.2,"2021-01-08_19",23.655,121.419
4.54545454545455,"2021-01-08_19",23.577,119.622
3.54545454545455,"2021-01-08_19",23.784,121.457
4.27272727272727,"2021-01-08_19",23.644,119.596
19.1,"2021-01-08_19",22.548,120.541
21.7272727272727,"2021-01-08_19",23.16,120.246
17.4545454545455,"2021-01-08_19",23.587,120.184
17.0909090909091,"2021-01-08_19",23.56,120.169
32.1818181818182,"2021-01-08_19",23.49,120.504
3.45454545454545,"2021-01-08_19",24.785,121.76
5.5,"2021-01-08_19",23.87,121.508
5.18181818181818,"2021-01-08_19",24.872,120.998
5.6,"2021-01-08_19",24.838,121.052
29.9,"2021-01-08_19",23.713,120.551
28.4545454545455,"2021-01-08_19",23.613,120.294
21.1818181818182,"2021-01-08_19",24.241,120.811
24.8181818181818,"2021-01-08_19",24.954,121.221
20.2727272727273,"2021-01-08_19",24.216,120.7
48.0909090909091,"2021-01-08_19",24.135,120.683
21.5454545454545,"2021-01-08_19",24.145,120.694
19.8181818181818,"2021-01-08_19",24.158,120.66
15.4166666666667,"2021-01-08_19",24.826,121.212
28.3636363636364,"2021-01-08_19",24.939,121.236
25.0909090909091,"2021-01-08_19",24.953,121.22
30.7272727272727,"2021-01-08_19",23.038,120.311
48.8,"2021-01-08_19",23.173,120.596
7,"2021-01-08_19",23.52,120.351
8.45454545454546,"2021-01-08_19",25.005,121.05
8,"2021-01-08_19",24.987,121.047
17.7272727272727,"2021-01-08_19",23.338,120.683
20.2727272727273,"2021-01-08_19",23.6,120.191
5.09090909090909,"2021-01-08_19",23.568,119.481
4,"2021-01-08_19",23.973,121.587
4.3,"2021-01-08_19",23.207,119.429
55.5,"2021-01-08_19",22.971,120.289
19,"2021-01-08_19",22.473,120.465
2.7,"2021-01-08_19",24.744,121.79
16.2727272727273,"2021-01-08_19",24.992,121.273
31.3333333333333,"2021-01-08_19",23.547,120.195
1.9,"2021-01-08_19",22.757,121.159
14.9,"2021-01-08_19",22.666,120.476
14.7,"2021-01-08_19",22.69,120.493
15.4,"2021-01-08_19",22.665,120.48
39.1,"2021-01-08_19",22.468,120.459
24.7272727272727,"2021-01-08_19",24.824,121.311
28.6363636363636,"2021-01-08_19",22.978,120.187
24.3636363636364,"2021-01-08_19",22.979,120.199
8.83333333333333,"2021-01-08_19",25.061,121.387
10.6363636363636,"2021-01-08_19",24.229,120.533
24.0909090909091,"2021-01-08_19",24.109,120.732
13.3636363636364,"2021-01-08_19",24.267,120.573
11.1,"2021-01-08_19",23.471,120.46
22.1818181818182,"2021-01-08_19",24.992,121.311
34.2727272727273,"2021-01-08_19",23.703,120.602
3.9,"2021-01-08_19",24.873,121.018
3.18181818181818,"2021-01-08_19",23.811,121.441
1.18181818181818,"2021-01-08_19",24.683,121.768
2.6,"2021-01-08_19",23.751,121.452
1.4,"2021-01-08_19",24.678,121.761
1.8,"2021-01-08_19",23.744,121.449
6.8,"2021-01-08_19",24.958,121.04
9.63636363636364,"2021-01-08_19",24.962,121.04
21.0909090909091,"2021-01-08_19",24.911,121.155
29.3636363636364,"2021-01-08_19",23.087,120.319
20.2,"2021-01-08_19",25.019,121.405
12.4545454545455,"2021-01-08_19",24.164,120.545
0.3,"2021-01-08_19",22.176,120.838
24.5,"2021-01-08_19",25.047,121.144
22.1818181818182,"2021-01-08_19",24.95,121.206
18.4545454545455,"2021-01-08_19",23.486,120.334
12.4545454545455,"2021-01-08_19",25.058,121.372
29.25,"2021-01-08_19",23.446,120.495
3.7,"2021-01-08_19",24.54,120.921
10.2727272727273,"2021-01-08_19",23.479,120.465
4.3,"2021-01-08_19",24.39,120.696
43.3,"2021-01-08_19",22.363,120.599
20.4,"2021-01-08_19",23.617,120.352
23.0909090909091,"2021-01-08_19",24.997,121.32
15.8181818181818,"2021-01-08_19",23.683,120.189
25.3636363636364,"2021-01-08_19",23.705,120.558
16.0454545454545,"2021-01-08_19",23.501,120.292
7.09090909090909,"2021-01-08_19",25.013,121.137
8.81818181818182,"2021-01-08_19",25.001,121.163
0,"2021-01-08_19",22.024,120.84
16.3,"2021-01-08_19",22.514,120.512
20.9,"2021-01-08_19",22.572,120.573
4.55555555555556,"2021-01-08_19",22.672,121.037
26.6363636363636,"2021-01-08_19",24.094,120.699
11,"2021-01-08_19",23.184,120.136
18.3,"2021-01-08_19",23.795,120.466
17.4,"2021-01-08_19",23.371,120.182
20.4545454545455,"2021-01-08_19",24.906,121.144
28.4545454545455,"2021-01-08_19",23.226,120.35
23.7272727272727,"2021-01-08_19",23.064,120.173
16.2727272727273,"2021-01-08_19",24.192,120.687
18.4,"2021-01-08_19",23.63,120.194
14.6363636363636,"2021-01-08_19",24.247,120.682
26.9090909090909,"2021-01-08_19",22.993,120.18
21.4166666666667,"2021-01-08_19",23.048,120.218
28.6363636363636,"2021-01-08_19",22.962,120.254
2,"2021-01-08_19",23.754,121.468
0,"2021-01-08_19",21.951,120.74
18.7,"2021-01-08_19",22.817,120.605
4.90909090909091,"2021-01-08_19",23.363,119.499
3,"2021-01-08_19",23.988,121.592
4.8,"2021-01-08_19",23.395,121.357
28,"2021-01-08_19",22.923,120.235
19.4,"2021-01-08_19",24.181,120.69
28.4545454545455,"2021-01-08_19",25.011,121.388
3.78947368421053,"2021-01-08_19",23.213,119.428
33.3636363636364,"2021-01-08_19",24.205,120.84
11.0909090909091,"2021-01-08_19",24.243,120.524
28.3636363636364,"2021-01-08_19",24.073,120.702
11.0909090909091,"2021-01-08_19",24.342,120.622
21,"2021-01-08_19",23.603,120.452
8,"2021-01-08_19",24.421,120.909
19.2,"2021-01-08_19",22.548,120.544
3,"2021-01-08_19",24.734,121.094
4.4,"2021-01-08_19",23.668,119.598
1,"2021-01-08_19",24.68,121.689
29.2,"2021-01-08_19",22.787,120.614
29,"2021-01-08_19",23.114,120.234
13.6363636363636,"2021-01-08_19",24.879,121.296
16.6363636363636,"2021-01-08_19",24.25,120.712
23.8181818181818,"2021-01-08_19",23.415,120.384
22.9,"2021-01-08_19",23.588,120.185
15.7272727272727,"2021-01-08_19",24.881,121.304
14.5454545454545,"2021-01-08_19",24.17,120.62
19.7142857142857,"2021-01-08_19",24.195,120.662
14.6190476190476,"2021-01-08_19",23.459,120.455
3.72727272727273,"2021-01-08_19",24.68,121.247
1.54545454545455,"2021-01-08_19",24.671,121.769
8.09090909090909,"2021-01-08_19",23.66,119.661
3.5,"2021-01-08_19",23.884,121.519
6.18181818181818,"2021-01-08_19",24.805,121.033
6.2,"2021-01-08_19",24.82,121.032
6.3,"2021-01-08_19",24.766,121.078
2.8,"2021-01-08_19",24.749,121.789
48.2727272727273,"2021-01-08_19",23.474,120.586
10.5454545454545,"2021-01-08_19",23.49,120.444
1.45454545454545,"2021-01-08_19",24.718,121.688
2.2,"2021-01-08_19",24.697,121.812
17.6363636363636,"2021-01-08_19",25.009,121.297
7.09090909090909,"2021-01-08_19",24.825,121.048
3,"2021-01-08_19",24.865,121.822
5.54545454545455,"2021-01-08_19",24.768,121.057
0,"2021-01-08_19",22.02,120.838
20.9090909090909,"2021-01-08_19",24.957,121.213
20.1,"2021-01-08_19",22.622,120.526
6.1,"2021-01-08_19",23.225,121.28
3.7,"2021-01-08_19",24.737,121.124
17.6,"2021-01-08_19",22.724,120.499
11.6363636363636,"2021-01-08_19",23.475,120.471
9.5,"2021-01-08_19",23.001,121.13
16.2222222222222,"2021-01-08_19",24.009,121.58
16.2727272727273,"2021-01-08_19",25.017,121.313
23.8333333333333,"2021-01-08_19",23.316,120.326
3.90909090909091,"2021-01-08_19",23.493,121.391
31.1111111111111,"2021-01-08_19",23.754,120.614
21.5,"2021-01-08_19",22.849,120.61
18.7,"2021-01-08_19",22.792,120.612
0.636363636363636,"2021-01-08_19",24.627,121.743
2.63636363636364,"2021-01-08_19",24.308,121.749
24.7777777777778,"2021-01-08_19",23.646,120.317
0.454545454545455,"2021-01-08_19",24.466,121.801
14.6363636363636,"2021-01-08_19",24.91,121.084
25.8,"2021-01-08_19",24.936,121.224
13.0909090909091,"2021-01-08_19",24.315,120.69
27.3333333333333,"2021-01-08_19",23.126,120.165
0,"2021-01-08_19",24.907,121.168
18.5454545454545,"2021-01-08_19",24.168,120.659
23.5,"2021-01-08_19",24.093,120.699
26.8,"2021-01-08_19",22.549,120.612
25.2727272727273,"2021-01-08_19",23.135,120.23
3.36363636363636,"2021-01-08_19",24.718,121.146
16.8181818181818,"2021-01-08_19",24.963,121.228
13.4,"2021-01-08_19",24.968,121.251
22.3636363636364,"2021-01-08_19",23.296,120.17
17.9090909090909,"2021-01-08_19",24.163,120.689
16.7272727272727,"2021-01-08_19",24.173,120.639
21.8,"2021-01-08_19",22.468,120.46
27.9,"2021-01-08_19",22.33,120.621
6.63636363636364,"2021-01-08_19",24.85,121.113
1.4,"2021-01-08_19",23.296,121.268
15,"2021-01-08_19",23.36,120.181
3,"2021-01-08_19",23.971,121.6
7,"2021-01-08_19",24.847,121.118
4.4,"2021-01-08_19",24.922,120.982
6.54545454545455,"2021-01-08_19",24.791,121.379
8.36363636363636,"2021-01-08_19",25.102,121.267
23.7272727272727,"2021-01-08_19",22.945,120.23
27.9090909090909,"2021-01-08_19",24.945,121.218
26.8,"2021-01-08_19",23.419,120.426
28,"2021-01-08_19",22.922,120.235
22.75,"2021-01-08_19",25.007,121.316
10.25,"2021-01-08_19",24.958,121.115
19.9090909090909,"2021-01-08_19",24.982,121.304
33.6363636363636,"2021-01-08_19",23.397,120.44
26.8181818181818,"2021-01-08_19",24.977,121.314
21.9,"2021-01-08_19",22.338,120.369
12.8181818181818,"2021-01-08_19",24.184,120.625
39.1,"2021-01-08_19",22.592,120.633
31.1818181818182,"2021-01-08_19",22.994,120.309
22.5238095238095,"2021-01-08_19",23.703,120.433
15,"2021-01-08_19",23.479,120.464
33.5454545454545,"2021-01-08_19",23.612,120.537
4.2,"2021-01-08_19",23.984,121.561
19.4,"2021-01-08_19",22.433,120.511
2.72727272727273,"2021-01-08_19",23.98,121.61
5.66666666666667,"2021-01-08_19",24.066,120.541
4.7,"2021-01-08_19",24.009,121.581
5.90909090909091,"2021-01-08_19",24.817,121.079
4.6,"2021-01-08_19",23.568,119.566
6.5,"2021-01-08_19",23.486,119.515
1.5,"2021-01-08_19",24.6,121.53
27.5454545454545,"2021-01-08_19",22.653,120.631
1.6,"2021-01-08_19",24.66,121.301
1,"2021-01-08_19",22.77,121.145
1.7,"2021-01-08_19",24.656,121.326
8.90909090909091,"2021-01-08_19",24.988,121.044
20.9090909090909,"2021-01-08_19",23.561,120.223
21.3636363636364,"2021-01-08_19",24.126,120.68
18,"2021-01-08_19",22.755,120.5
35.2727272727273,"2021-01-08_19",23.025,120.349
14.1818181818182,"2021-01-08_19",25.02,121.309
24.5714285714286,"2021-01-08_19",22.983,120.246
18.3,"2021-01-08_19",23.54,120.293
23.9090909090909,"2021-01-08_19",23.307,120.208
25.25,"2021-01-08_19",23.566,120.211
20.8181818181818,"2021-01-08_19",23.456,120.289
39.9090909090909,"2021-01-08_19",23.3,120.666
28,"2021-01-08_19",23.708,120.553
0,"2021-01-08_19",24.184,120.529
17,"2021-01-08_19",25.018,121.307
4.1,"2021-01-08_19",24.933,121.009
13.5,"2021-01-08_19",23.474,120.47
10.4,"2021-01-08_19",23.467,120.424
7,"2021-01-08_19",24.807,120.955
11.2222222222222,"2021-01-08_19",24.797,121.001
5.1,"2021-01-08_19",24.65,120.953
4.1,"2021-01-08_19",24.397,120.868
4.8,"2021-01-08_19",24.413,120.9
13.7368421052632,"2021-01-08_19",23.506,120.445
4.72727272727273,"2021-01-08_19",24.7,121.054
31.9090909090909,"2021-01-08_19",23.119,120.361
23.2727272727273,"2021-01-08_19",23.452,120.462
27.8636363636364,"2021-01-08_19",22.998,120.235
14.9,"2021-01-08_19",22.615,120.49
8,"2021-01-08_19",23.214,121.28
0.818181818181818,"2021-01-08_19",24.64,121.833
47.3,"2021-01-08_19",24.418,118.319
2.27272727272727,"2021-01-08_19",24.699,121.771
4.72727272727273,"2021-01-08_19",23.574,119.575
4.6,"2021-01-08_19",24.74,121.089
37.8888888888889,"2021-01-08_19",24.36,120.598
19.9090909090909,"2021-01-08_19",23.471,120.146
18,"2021-01-08_19",23.793,120.33
28.4545454545455,"2021-01-08_19",23.258,120.372
29.0909090909091,"2021-01-08_19",24.114,120.69
4.7,"2021-01-08_19",24.633,120.762
3,"2021-01-08_19",24.6,120.999
2.2,"2021-01-08_19",23.995,121.565
4.3,"2021-01-08_19",23.36,119.497
27.1818181818182,"2021-01-08_19",23.423,120.524
21.4545454545455,"2021-01-08_19",24.907,121.18
7.18181818181818,"2021-01-08_19",25.054,121.171
0,"2021-01-08_19",24.869,121.285
34.7,"2021-01-08_19",23.121,120.459
11.4545454545455,"2021-01-08_19",23.922,121.501
42.7272727272727,"2021-01-08_19",24.452,118.455
1,"2021-01-08_19",23.346,121.304
32.5454545454545,"2021-01-08_19",23.266,120.388
29.3636363636364,"2021-01-08_19",23.425,120.451
10.7272727272727,"2021-01-08_19",23.459,120.308
19.6363636363636,"2021-01-08_19",22.479,120.465
8.44444444444444,"2021-01-08_19",22.697,121.026
1.7,"2021-01-08_19",23.026,121.33
32.2222222222222,"2021-01-08_19",22.562,120.491
7.2,"2021-01-08_19",24.308,121.748
26.6363636363636,"2021-01-08_19",22.363,120.6
1,"2021-01-08_19",24.665,121.743
23.0909090909091,"2021-01-08_19",22.371,120.591
3.3,"2021-01-08_19",23.995,121.595
1.3,"2021-01-08_19",24.003,121.584
4,"2021-01-08_19",24.461,120.863
0.1,"2021-01-08_19",22.821,121.189
15.7272727272727,"2021-01-08_19",24.923,121.25
34,"2021-01-08_19",22.386,120.601
3.54545454545455,"2021-01-08_19",24.674,121.367
8,"2021-01-08_19",25.04,121.081
15.2857142857143,"2021-01-08_19",22.544,120.461
22.6,"2021-01-08_19",22.488,120.458
10.7272727272727,"2021-01-08_19",24.383,120.868
28.2,"2021-01-08_19",23.555,120.43
51.8888888888889,"2021-01-08_19",23.255,120.25
23.8,"2021-01-08_19",24.997,121.292
16.6666666666667,"2021-01-08_19",23.455,120.331
9,"2021-01-08_19",24.797,121.364
0,"2021-01-08_19",24.8,121.308
17.4545454545455,"2021-01-08_19",23.573,120.247
28.4444444444444,"2021-01-08_19",23.198,120.16
25.2,"2021-01-08_19",24.953,121.218
16.5,"2021-01-08_19",22.667,120.591
5.1,"2021-01-08_19",25.121,121.723
5.8,"2021-01-08_19",24.789,120.928
4.3,"2021-01-08_19",24.813,120.923
21.2727272727273,"2021-01-08_19",23.293,120.243
30.9090909090909,"2021-01-08_19",22.913,120.261
17,"2021-01-08_19",23.613,120.159
18.0909090909091,"2021-01-08_19",23.657,120.28
24.9090909090909,"2021-01-08_19",23.079,120.145
15.1818181818182,"2021-01-08_19",23.643,120.178
28,"2021-01-08_19",22.919,120.217
8.5,"2021-01-08_19",25.06,121.23
21.4,"2021-01-08_19",24.937,121.265
10.1818181818182,"2021-01-08_19",25.058,121.359
15.6,"2021-01-08_19",22.576,120.525
21,"2021-01-08_19",22.616,120.54
16.1818181818182,"2021-01-08_19",23.803,120.452
17.5555555555556,"2021-01-08_19",23.643,120.173
0,"2021-01-08_19",22.007,120.746
18,"2021-01-08_19",23.566,120.301
23.7272727272727,"2021-01-08_19",24.149,120.682
25.5454545454545,"2021-01-08_19",24.151,120.694
1.63636363636364,"2021-01-08_19",24.689,121.178
11.0909090909091,"2021-01-08_19",23.486,120.456
33.6,"2021-01-08_19",25.006,121.343
18.9090909090909,"2021-01-08_19",23.642,120.43
26.7,"2021-01-08_19",23.275,120.313
26.5454545454545,"2021-01-08_19",23.158,120.171
0,"2021-01-08_19",23.102,120.117
23.5454545454545,"2021-01-08_19",23.028,120.256
10.7272727272727,"2021-01-08_19",25.024,121.231
7.63636363636364,"2021-01-08_19",25.072,121.286
5.09090909090909,"2021-01-08_19",23.53,120.74
19.3636363636364,"2021-01-08_19",23.426,120.395
2,"2021-01-08_19",22.771,121.09
23.4545454545455,"2021-01-08_19",23.033,120.301
9.75,"2021-01-08_19",23.102,120.159
4.2,"2021-01-08_19",22.85,121.092
22.3636363636364,"2021-01-08_19",23.455,120.33
0.5,"2021-01-08_19",25.148,121.738
4.9,"2021-01-08_19",24.769,120.978
11.9,"2021-01-08_19",23.913,120.685
1.54545454545455,"2021-01-08_19",23.977,121.613
11.4,"2021-01-08_19",23.479,120.459
15.2727272727273,"2021-01-08_19",24.837,121.248
10.1,"2021-01-08_19",23.491,120.455
6.18181818181818,"2021-01-08_19",24.806,121.05
4.9,"2021-01-08_19",23.527,119.59
22.7272727272727,"2021-01-08_19",22.679,120.602
24.2727272727273,"2021-01-08_19",23.24,120.318
30.9,"2021-01-08_19",23.768,120.563
5.11111111111111,"2021-01-08_19",24.709,120.89
3.6,"2021-01-08_19",24.348,120.826
8.72727272727273,"2021-01-08_19",25.039,121.254
12.8181818181818,"2021-01-08_19",25.066,121.174
21.1,"2021-01-08_19",23.724,120.457
6.54545454545455,"2021-01-08_19",24.829,121.079
2.25,"2021-01-08_19",24.162,121.652
4.8,"2021-01-08_19",24.874,121.02
18,"2021-01-08_19",22.755,120.501
18.5,"2021-01-08_19",22.41,120.526
28.5,"2021-01-08_19",22.528,120.627
4.1,"2021-01-08_19",24.79,121.184
16,"2021-01-08_19",22.671,120.495
9.45454545454546,"2021-01-08_19",23.495,120.426
6.1,"2021-01-08_19",24.767,120.99
21.5454545454545,"2021-01-08_19",23.039,120.235
40.375,"2021-01-08_19",23.59,120.477
4.6,"2021-01-08_19",24.707,121.202
21.3636363636364,"2021-01-08_19",23.188,120.089
0.181818181818182,"2021-01-08_19",23.502,120.698
4.45454545454545,"2021-01-08_19",23.468,120.701
34.6363636363636,"2021-01-08_19",23.429,120.513
19.7272727272727,"2021-01-08_19",24.171,120.669
31.1818181818182,"2021-01-08_19",24.958,121.298
11.2727272727273,"2021-01-08_19",24.325,120.749
27.5,"2021-01-08_19",24.999,121.327
7.45454545454545,"2021-01-08_19",25.015,121.133
13.6666666666667,"2021-01-08_19",23.669,120.179
18.3636363636364,"2021-01-08_19",23.562,120.142
15.9090909090909,"2021-01-08_19",22.682,120.548
5.1,"2021-01-08_19",24.837,121.02
24.6363636363636,"2021-01-08_19",24.178,120.821
2.1,"2021-01-08_19",23.702,121.416
2.27272727272727,"2021-01-08_19",23.743,121.447
3.5,"2021-01-08_19",24.754,121.755
16.1818181818182,"2021-01-08_19",23.464,120.214
17.4545454545455,"2021-01-08_19",24.841,121.24
13.4545454545455,"2021-01-08_19",25.008,121.265
19.6363636363636,"2021-01-08_19",23.174,120.202
15.9,"2021-01-08_19",23.702,120.199
14.25,"2021-01-08_19",24.842,121.241
18.6,"2021-01-08_19",23.568,120.193
30.9090909090909,"2021-01-08_19",23.645,120.566
117,"2021-01-08_19",24.362,120.625
24,"2021-01-08_19",23.767,120.458
19.5555555555556,"2021-01-08_19",24.255,120.721
5.9,"2021-01-08_19",24.79,120.968
4.90909090909091,"2021-01-08_19",24.529,120.831
4.2,"2021-01-08_19",24.638,120.865
4.2,"2021-01-08_19",24.439,120.679
7,"2021-01-08_19",24.887,121.095
17,"2021-01-08_19",22.546,120.461
3.1,"2021-01-08_19",23.976,121.599
2.09090909090909,"2021-01-08_19",24.705,121.211
4.5,"2021-01-08_19",23.573,119.57
6.3,"2021-01-08_19",23.847,121.492
4.66666666666667,"2021-01-08_19",24.733,121.094
12,"2021-01-08_19",23.492,120.48
0.9,"2021-01-08_19",24.666,121.651
27.3,"2021-01-08_19",22.361,120.626
54.6,"2021-01-08_19",24.416,118.229
27.4545454545455,"2021-01-08_19",22.771,120.702
25.3,"2021-01-08_19",22.422,120.552
18.8,"2021-01-08_19",22.692,120.581
4.54545454545455,"2021-01-08_19",24.687,120.989
43.1,"2021-01-08_19",22.863,120.634
64061169.4090909,"2021-01-08_19",22.97,120.225
12.3636363636364,"2021-01-08_19",24.868,121.252
21,"2021-01-08_19",25.012,121.305
22.0909090909091,"2021-01-08_19",23.759,120.347
15.6,"2021-01-08_19",22.593,120.462
20.1,"2021-01-08_19",23.509,120.252
11.8,"2021-01-08_19",24.96,121.178
25,"2021-01-08_19",23.687,120.349
36,"2021-01-08_19",22.681,120.499
18.6363636363636,"2021-01-08_19",23.331,120.16
5.1,"2021-01-08_19",24.689,121.177
6.3,"2021-01-08_19",23.043,121.195
2,"2021-01-08_19",22.762,121.134
20.4545454545455,"2021-01-08_19",23.253,120.129
85,"2021-01-08_19",23.101,120.142
21.7272727272727,"2021-01-08_19",23.707,120.451
17.5,"2021-01-08_19",23.751,120.408
9.54545454545454,"2021-01-08_19",24.817,121.383
24.2727272727273,"2021-01-08_19",23.287,120.201
13.6363636363636,"2021-01-08_19",24.122,120.568
12.0909090909091,"2021-01-08_19",24.214,120.551
18,"2021-01-08_19",23.675,120.204
18.9090909090909,"2021-01-08_19",23.515,120.487
5.1,"2021-01-08_19",23.201,121.249
19.7272727272727,"2021-01-08_19",23.633,120.402
1.2,"2021-01-08_19",23.336,121.314
12.2727272727273,"2021-01-08_19",24.241,120.555
2.8,"2021-01-08_19",24.712,121.36
645.363636363636,"2021-01-08_19",24.903,121.036
3.63636363636364,"2021-01-08_19",24.148,121.629
14.1818181818182,"2021-01-08_19",22.666,120.487
0.9,"2021-01-08_19",24.626,121.796
5.27272727272727,"2021-01-08_19",24.801,121.141
24.1818181818182,"2021-01-08_19",23.611,120.422
1,"2021-01-08_19",24.609,121.687
5.2,"2021-01-08_19",23.095,121.218
11.9090909090909,"2021-01-08_19",23.383,121.359
21.5,"2021-01-08_19",22.509,120.456
5,"2021-01-08_19",23.666,119.598
16.6666666666667,"2021-01-08_19",22.674,120.501
23.2,"2021-01-08_19",22.484,120.566
15.8,"2021-01-08_19",22.764,120.617
24,"2021-01-08_19",22.447,120.561
23.8181818181818,"2021-01-08_19",22.715,120.654
16.1,"2021-01-08_19",23.471,120.446
7,"2021-01-08_19",24.879,121.061
24.8571428571429,"2021-01-08_19",23.694,120.357
12.8181818181818,"2021-01-08_19",24.216,120.527
19.7272727272727,"2021-01-08_19",23.727,120.464
43.1,"2021-01-08_19",22.745,120.732
11.8181818181818,"2021-01-08_19",24.134,120.556
32.1818181818182,"2021-01-08_19",23.744,120.603
19.3,"2021-01-08_19",23.789,120.234
0.9,"2021-01-08_19",24.654,121.766
16.3,"2021-01-08_19",22.671,120.486
26.2727272727273,"2021-01-08_19",23.366,120.366
21.25,"2021-01-08_19",23.316,120.266
21.7272727272727,"2021-01-08_19",24.138,120.674
17.3636363636364,"2021-01-08_19",24.156,120.653
36.5,"2021-01-08_19",24.16,120.864
10.8181818181818,"2021-01-08_19",24.154,120.547
24.9090909090909,"2021-01-08_19",22.816,120.641
14.8888888888889,"2021-01-08_19",22.638,120.482
19.4,"2021-01-08_19",22.702,120.61
6.5,"2021-01-08_19",24.842,120.964
5.7,"2021-01-08_19",24.816,121.015
3.27272727272727,"2021-01-08_19",23.993,121.626
33.0909090909091,"2021-01-08_19",23.703,120.548
30.6363636363636,"2021-01-08_19",22.98,120.224
1.63636363636364,"2021-01-08_19",23.516,120.808
25.1818181818182,"2021-01-08_19",23.379,120.416
10.7,"2021-01-08_19",24.815,121.015
32.6363636363636,"2021-01-08_19",23.484,120.558
21.7272727272727,"2021-01-08_19",25.01,121.308
26.0909090909091,"2021-01-08_19",23.714,120.44
28.9090909090909,"2021-01-08_19",23.436,120.415
22.3333333333333,"2021-01-08_19",23.192,120.221
11,"2021-01-08_19",23.489,120.467
38.0909090909091,"2021-01-08_19",23.596,120.574
21.875,"2021-01-08_19",23.674,120.257
23.2727272727273,"2021-01-08_19",25,121.319
27.9090909090909,"2021-01-08_19",23.76,120.618
29.4545454545455,"2021-01-08_19",23.741,120.555
3,"2021-01-08_19",23.38,121.328
19.4545454545455,"2021-01-08_19",24.209,120.708
2.18181818181818,"2021-01-08_19",24.618,121.286
18,"2021-01-08_19",24.884,121.287
25.2727272727273,"2021-01-08_19",24.989,121.331
10.2727272727273,"2021-01-08_19",23.469,120.425
4.5,"2021-01-08_19",24.825,121.01
1,"2021-01-08_19",23.598,121.521
21.6666666666667,"2021-01-08_19",24.959,121.216
2.36363636363636,"2021-01-08_19",23.868,121.557
18.8,"2021-01-08_19",23.309,120.252
21.2727272727273,"2021-01-08_19",23.205,120.24
1.81818181818182,"2021-01-08_19",24.622,121.835
17.9090909090909,"2021-01-08_19",24.144,120.664
5.09090909090909,"2021-01-08_19",24.43,120.809
5,"2021-01-08_19",24.621,120.777
4.36363636363636,"2021-01-08_19",24.398,120.676
6.2,"2021-01-08_19",24.708,120.924
8.90476190476191,"2021-01-08_19",24.784,121.022
19.0909090909091,"2021-01-08_19",22.426,120.527
43.6363636363636,"2021-01-08_19",24.478,118.395
1.77777777777778,"2021-01-08_19",22.969,121.116
4.8,"2021-01-08_19",23.633,119.596
26.3636363636364,"2021-01-08_19",23.668,120.474
26.625,"2021-01-08_19",24.856,121.282
9.90909090909091,"2021-01-08_19",25.045,121.29
24,"2021-01-08_19",24.95,121.217
29.8181818181818,"2021-01-08_19",23.68,120.552
35.3636363636364,"2021-01-08_19",23.057,120.411
26.3181818181818,"2021-01-08_19",22.964,120.234
22.5,"2021-01-08_19",23.697,120.424
8,"2021-01-08_19",25.053,121.297
12.3636363636364,"2021-01-08_19",24.988,121.286
0,"2021-01-08_19",23.047,120.186
48.2727272727273,"2021-01-08_19",24.421,118.341
43.9,"2021-01-08_19",24.489,118.413
19.7272727272727,"2021-01-08_19",23.638,120.359
9.6,"2021-01-08_19",24.979,121.117
31.2727272727273,"2021-01-08_19",23.581,120.56
4.25,"2021-01-08_19",24.905,121.047
5.66666666666667,"2021-01-08_19",25.149,121.767
19.5454545454545,"2021-01-08_19",24.95,121.21
22.5454545454545,"2021-01-08_19",23.178,120.244
23.3333333333333,"2021-01-08_19",24.997,121.345
7.8,"2021-01-08_19",25.048,121.297
17.7272727272727,"2021-01-08_19",22.753,120.574
16.7272727272727,"2021-01-08_19",22.739,120.531
17.7777777777778,"2021-01-08_19",22.758,120.559
18.7272727272727,"2021-01-08_19",23.623,120.243
26,"2021-01-08_19",23.59,120.357
5.54545454545455,"2021-01-08_19",24.948,121.009
28.6666666666667,"2021-01-08_19",22.513,120.518
0.5,"2021-01-08_19",22.018,120.806
17,"2021-01-08_19",22.488,120.505
15.1,"2021-01-08_19",22.669,120.499
15.6,"2021-01-08_19",24.631,121.117
4,"2021-01-08_19",24.707,121.098
15.0909090909091,"2021-01-08_19",23.575,120.154
24.5454545454545,"2021-01-08_19",23.19,120.192
20.7272727272727,"2021-01-08_19",23.412,120.308
27.9,"2021-01-08_19",23.15,120.154
24.2727272727273,"2021-01-08_19",23.686,120.568
17.4,"2021-01-08_19",22.985,120.217
31.8181818181818,"2021-01-08_19",23.714,120.528
10.3636363636364,"2021-01-08_19",24.977,121.085
2673.36363636364,"2021-01-08_19",24.745,121.039
10.9090909090909,"2021-01-08_19",25.038,121.121
23.7272727272727,"2021-01-08_19",23.515,120.313
11.7272727272727,"2021-01-08_19",24.821,121.353
10.6,"2021-01-08_19",23.783,121.451
3.36363636363636,"2021-01-08_19",24.861,121.82
16,"2021-01-08_19",22.738,120.554
3.1,"2021-01-08_19",23.963,121.569
44.9090909090909,"2021-01-08_19",24.422,118.438
5.18181818181818,"2021-01-08_19",24.762,121.092
28.2,"2021-01-08_19",22.428,120.629
11.9090909090909,"2021-01-08_19",23.46,120.487
5,"2021-01-08_19",23.663,119.57
191,"2021-01-08_19",23.705,120.352
12.3636363636364,"2021-01-08_19",24.202,120.522
20.3,"2021-01-08_19",23.676,120.39
1.6,"2021-01-08_19",23.948,121.548
28.8181818181818,"2021-01-08_19",22.982,120.239
23.0909090909091,"2021-01-08_19",23.752,120.432
27.8181818181818,"2021-01-08_19",23.531,120.52
19.6363636363636,"2021-01-08_19",22.705,120.645
3.9,"2021-01-08_19",23.572,119.602
6.54545454545455,"2021-01-08_19",24.678,121.209
2.90909090909091,"2021-01-08_19",23.845,121.5
19.8181818181818,"2021-01-08_19",25.051,121.267
15.2727272727273,"2021-01-08_19",22.753,120.576
18,"2021-01-08_19",22.539,120.509
4.66666666666667,"2021-01-08_19",22.582,120.544
2.54545454545455,"2021-01-08_19",24.118,121.625
45.1,"2021-01-08_19",24.482,118.438
17.9,"2021-01-08_19",24.917,121.249
7,"2021-01-08_19",24.872,121.018
1.9,"2021-01-08_19",24.72,121.744
3.81818181818182,"2021-01-08_19",24.75,121.767
11.0909090909091,"2021-01-08_19",23.483,120.477
6.55,"2021-01-08_19",23.584,119.662
5,"2021-01-08_19",24.837,121.013
4.5,"2021-01-08_19",23.611,119.609
1.45454545454545,"2021-01-08_19",24.619,121.834
3.90909090909091,"2021-01-08_19",24.927,121.039
4.36363636363636,"2021-01-08_19",23.784,121.452
11.2727272727273,"2021-01-08_19",24.31,120.73
3.2,"2021-01-08_19",24.477,120.89
5,"2021-01-08_19",24.357,120.777
4,"2021-01-08_19",24.64,120.864
4.54545454545455,"2021-01-08_19",24.449,120.655
6.7,"2021-01-08_19",24.7,121.053
2.3,"2021-01-08_19",24.705,121.184
1,"2021-01-08_19",24.672,121.767
1.3,"2021-01-08_19",23.706,121.413
1.09090909090909,"2021-01-08_19",24.675,121.759
19.5454545454545,"2021-01-08_19",23.46,120.154
20.1818181818182,"2021-01-08_19",23.333,120.361
6.71428571428571,"2021-01-08_19",24.796,120.966
0.3,"2021-01-08_19",24.813,120.981
1.88888888888889,"2021-01-08_19",24.747,121.004
15.8,"2021-01-08_19",23.475,120.455
15.1,"2021-01-08_19",23.472,120.415
30.2222222222222,"2021-01-08_19",22.578,120.634
5.4,"2021-01-08_19",24.844,120.999
18.6363636363636,"2021-01-08_19",23.573,120.248
5,"2021-01-08_19",23.569,119.582
4.8,"2021-01-08_19",24.604,120.887
5.6,"2021-01-08_19",24.801,120.985
4.72727272727273,"2021-01-08_19",24.807,120.942
5.2,"2021-01-08_19",24.617,120.785
4.54545454545455,"2021-01-08_19",24.651,120.779
10,"2021-01-08_19",23.469,120.461
6.90909090909091,"2021-01-08_19",25.082,121.307
2.6,"2021-01-08_19",23.771,121.468
4.6,"2021-01-08_19",23.585,119.654
49.0909090909091,"2021-01-08_19",24.457,118.327
3.7,"2021-01-08_19",23.329,121.319
11.8,"2021-01-08_19",23.576,120.75
22.8888888888889,"2021-01-08_19",23.444,120.358
6,"2021-01-08_19",23.75,121.451
1,"2021-01-08_19",23.296,121.267
4.3,"2021-01-08_19",23.591,119.612
24.3636363636364,"2021-01-08_19",23.039,120.299
5.18181818181818,"2021-01-08_19",24.656,120.955
34.0909090909091,"2021-01-08_19",22.964,120.359
27.2,"2021-01-08_19",23.756,120.594
9.44444444444444,"2021-01-08_19",25.104,121.245
30.5454545454545,"2021-01-08_19",23.227,120.349
43.3333333333333,"2021-01-08_19",23.641,120.289
21.875,"2021-01-08_19",23.678,120.47
8.18181818181818,"2021-01-08_19",25.022,121.059
24.9090909090909,"2021-01-08_19",23.137,120.116
16.5,"2021-01-08_19",25.025,121.258
21.5454545454545,"2021-01-08_19",23.454,120.41
22.4545454545455,"2021-01-08_19",23.239,120.272
33.3636363636364,"2021-01-08_19",23.122,120.393
21,"2021-01-08_19",23.298,120.299
10.6,"2021-01-08_19",23.117,121.169
10.4,"2021-01-08_19",23.394,121.357
14.5,"2021-01-08_19",24.261,120.715
24.4,"2021-01-08_19",24.124,120.724
19.5833333333333,"2021-01-08_19",24.155,120.72
29.0909090909091,"2021-01-08_19",24.962,121.263
24.8181818181818,"2021-01-08_19",24.936,121.299
33.2272727272727,"2021-01-08_19",23.52,120.553
28,"2021-01-08_19",23.287,120.276
49.4444444444444,"2021-01-08_19",23.027,120.257
21,"2021-01-08_19",23.304,120.32
19.6363636363636,"2021-01-08_19",23.484,120.278
9.72727272727273,"2021-01-08_19",23.497,120.384
29.3333333333333,"2021-01-08_19",23.75,120.507
18.3,"2021-01-08_19",22.687,120.502
23,"2021-01-08_19",22.997,120.168
7.58333333333333,"2021-01-08_19",25.078,121.256
23.0909090909091,"2021-01-08_19",23.066,120.218
25.7272727272727,"2021-01-08_19",24.09,120.728
14.8888888888889,"2021-01-08_19",23.733,120.371
29.7272727272727,"2021-01-08_19",23.722,120.585
25.4545454545455,"2021-01-08_19",24.242,120.736
5.5,"2021-01-08_19",23.429,121.374
23.1,"2021-01-08_19",22.522,120.561
3.18181818181818,"2021-01-08_19",24.796,121.79
5.1,"2021-01-08_19",24.632,121.119
2,"2021-01-08_19",23.885,121.519
4.2,"2021-01-08_19",24.864,120.966
5.1,"2021-01-08_19",24.831,121.006
5.9,"2021-01-08_19",24.842,121.001
1.63636363636364,"2021-01-08_19",24.693,121.728
22.1818181818182,"2021-01-08_19",24.91,121.148
2.5,"2021-01-08_19",23.974,121.563
34.4545454545455,"2021-01-08_19",23.559,120.554
16.7272727272727,"2021-01-08_19",23.795,120.376
4.7,"2021-01-08_19",24.434,120.647
5.4,"2021-01-08_19",24.813,120.982
14.6,"2021-01-08_19",23.651,120.155
31.1818181818182,"2021-01-08_19",23.329,120.377
29.0909090909091,"2021-01-08_19",23.286,120.365
25.2727272727273,"2021-01-08_19",24.998,121.339
15.9090909090909,"2021-01-08_19",25.01,121.301
9.7,"2021-01-08_19",24.741,120.906
6.36363636363636,"2021-01-08_19",24.818,121.018
19.8333333333333,"2021-01-08_19",24.14,120.715
12,"2021-01-08_19",24.29,120.581
8.66666666666667,"2021-01-08_19",23.662,119.569
21.1052631578947,"2021-01-08_19",22.82,120.506
32.5,"2021-01-08_19",22.421,120.551
4.6,"2021-01-08_19",24.61,120.762
8,"2021-01-08_19",23.266,121.303
19.9090909090909,"2021-01-08_19",23.074,120.122
23.7272727272727,"2021-01-08_19",23.229,120.184
8.45454545454546,"2021-01-08_19",23.801,121.453
21.4545454545455,"2021-01-08_19",22.698,120.642
14.3636363636364,"2021-01-08_19",24.91,121.21
18.5454545454545,"2021-01-08_19",24.197,120.749
22.6363636363636,"2021-01-08_19",22.545,120.569
10.9,"2021-01-08_19",23.482,120.482
4.5,"2021-01-08_19",23.583,119.642
10.5454545454545,"2021-01-08_19",25.051,121.365
25.8181818181818,"2021-01-08_19",24.989,121.358
29.6363636363636,"2021-01-08_19",24.96,121.301
0,"2021-01-08_19",24.833,121.331
21.4545454545455,"2021-01-08_19",22.994,120.176
36,"2021-01-08_19",23.273,120.452
2.45454545454545,"2021-01-08_19",23.499,121.375
2.9,"2021-01-08_19",23.905,121.532
19.8181818181818,"2021-01-08_19",24.193,120.678
12.7272727272727,"2021-01-08_19",24.238,120.568
29,"2021-01-08_19",23.764,120.493
29.3636363636364,"2021-01-08_19",22.972,120.249
19.4545454545455,"2021-01-08_19",23.788,120.444
25.2,"2021-01-08_19",24.17,120.664
21.9166666666667,"2021-01-08_19",24.163,120.692
22.5,"2021-01-08_19",24.108,120.678
17.5454545454545,"2021-01-08_19",23.798,120.439
18.5,"2021-01-08_19",22.648,120.523
23.4545454545455,"2021-01-08_19",22.606,120.611
23.6,"2021-01-08_19",22.451,120.539
45.1818181818182,"2021-01-08_19",24.491,118.415
15.9,"2021-01-08_19",22.496,120.511
48,"2021-01-08_19",24.402,118.312
22,"2021-01-08_19",22.336,120.368
17,"2021-01-08_19",22.457,120.496
1,"2021-01-08_19",24.661,121.619
0.818181818181818,"2021-01-08_19",24.613,121.526
26.8181818181818,"2021-01-08_19",22.591,120.632
20.3333333333333,"2021-01-08_19",23.69,120.239
19.2727272727273,"2021-01-08_19",24.981,121.271
4.27272727272727,"2021-01-08_19",24.374,120.843
4.72727272727273,"2021-01-08_19",24.742,120.911
4.63636363636364,"2021-01-08_19",24.823,120.973
2,"2021-01-08_19",23.978,121.616
26.2727272727273,"2021-01-08_19",22.956,120.248
35.6363636363636,"2021-01-08_19",23.182,120.485
9.2,"2021-01-08_19",25.088,121.279
38.7272727272727,"2021-01-08_19",23.382,120.531
8.81818181818182,"2021-01-08_19",25.006,121.072
20.3333333333333,"2021-01-08_19",23.659,120.336
16.3,"2021-01-08_19",22.774,120.491
47.5,"2021-01-08_19",24.435,118.317
25.4545454545455,"2021-01-08_19",22.465,120.45
21,"2021-01-08_19",22.591,120.594
4.7,"2021-01-08_19",24.747,121.103
45.6363636363636,"2021-01-08_19",24.432,118.313
2,"2021-01-08_19",23.438,121.344
2.5,"2021-01-08_19",24.726,121.757
2.09090909090909,"2021-01-08_19",23.577,121.361
11.2727272727273,"2021-01-08_19",24.576,121.106
16.4545454545455,"2021-01-08_19",23.577,120.302
0,"2021-01-08_19",24.17,120.823
22,"2021-01-08_19",23.65,120.4
2.18181818181818,"2021-01-08_19",23.992,121.631
26.1818181818182,"2021-01-08_19",22.436,120.643
18.1,"2021-01-08_19",22.61,120.566
6.2,"2021-01-08_19",24.83,121.074
4,"2021-01-08_19",24.906,121.047
24.1818181818182,"2021-01-08_19",22.978,120.227
0.636363636363636,"2021-01-08_19",23.124,120.205
28.3333333333333,"2021-01-08_19",23.61,120.455
24,"2021-01-08_19",23.205,120.207
22.2727272727273,"2021-01-08_19",23.183,120.196
43.0909090909091,"2021-01-08_19",23.439,120.604
35,"2021-01-08_19",23.509,120.499
20.2727272727273,"2021-01-08_19",23.436,120.242
36.2727272727273,"2021-01-08_19",23.123,120.47
11.1,"2021-01-08_19",24.963,121.142
9.5,"2021-01-08_19",23.971,121.595
16.4545454545455,"2021-01-08_19",22.778,120.524
3.9,"2021-01-08_19",24.862,120.964
18.75,"2021-01-08_19",24.214,120.704
4,"2021-01-08_19",23.6,119.511
5.1,"2021-01-08_19",23.206,119.43
2.1,"2021-01-08_19",24.003,121.557
1.90909090909091,"2021-01-08_19",24.128,121.652
18.4,"2021-01-08_19",22.534,120.54
23.2,"2021-01-08_19",22.351,120.387
2.5,"2021-01-08_19",24.733,121.737
22.9090909090909,"2021-01-08_19",22.508,120.588
23.1818181818182,"2021-01-08_19",22.429,120.567
14.7,"2021-01-08_19",22.64,120.484
12.4545454545455,"2021-01-08_19",25.053,121.358
15.7272727272727,"2021-01-08_19",23.575,120.246
9.09090909090909,"2021-01-08_19",25.055,121.298
10.6363636363636,"2021-01-08_19",23.462,120.446
4.63636363636364,"2021-01-08_19",24.792,121.175
3.54545454545455,"2021-01-08_19",24.719,121.14
37.7,"2021-01-08_19",22.337,120.368
18.2,"2021-01-08_19",22.514,120.511
3.5,"2021-01-08_19",24.444,120.874
4.5,"2021-01-08_19",24.618,120.915
3.6,"2021-01-08_19",24.786,121.013
4.9,"2021-01-08_19",24.814,121.13
6.5,"2021-01-08_19",23.452,121.392
11.6363636363636,"2021-01-08_19",24.336,120.601
17.9090909090909,"2021-01-08_19",23.606,120.488
2.4,"2021-01-08_19",24.031,121.604
52.6363636363636,"2021-01-08_19",24.436,118.238
2.44444444444444,"2021-01-08_19",24.836,121.013
17.2,"2021-01-08_19",22.826,120.599
36.3636363636364,"2021-01-08_19",24.178,120.883
20,"2021-01-08_19",24.105,120.641
22.3636363636364,"2021-01-08_19",22.557,120.548
2.81818181818182,"2021-01-08_19",24.749,121.747
0,"2021-01-08_19",22.878,121.227
36.4545454545455,"2021-01-08_19",23.078,120.43
2.2,"2021-01-08_19",22.904,121.124
6,"2021-01-08_19",24.78,120.984
3.09090909090909,"2021-01-08_19",24.545,120.923
5.09090909090909,"2021-01-08_19",24.793,120.976
102.636363636364,"2021-01-08_19",23.765,120.579
21.4545454545455,"2021-01-08_19",24.908,121.18
0.3,"2021-01-08_19",24.533,121.451
3,"2021-01-08_19",24.863,121.828
5,"2021-01-08_19",24.429,120.661
3,"2021-01-08_19",23.998,121.628
3.27272727272727,"2021-01-08_19",24.422,120.87
23.2727272727273,"2021-01-08_19",24.267,120.796
20.8181818181818,"2021-01-08_19",24.999,121.307
17.9,"2021-01-08_19",22.662,120.513
20.6666666666667,"2021-01-08_19",22.667,120.601
21.6363636363636,"2021-01-08_19",22.471,120.455
19.3636363636364,"2021-01-08_19",24.917,121.186
15.2727272727273,"2021-01-08_19",22.765,120.484
19.4,"2021-01-08_19",23.466,121.405
17.4545454545455,"2021-01-08_19",24.179,120.641
34.0909090909091,"2021-01-08_19",23.723,120.587
14.8333333333333,"2021-01-08_19",25.016,121.294
22.3636363636364,"2021-01-08_19",23.329,120.261
8.7,"2021-01-08_19",25.154,121.731
18.9,"2021-01-08_19",22.616,120.563
0.2,"2021-01-08_19",22.126,120.773
4.90909090909091,"2021-01-08_19",24.746,121.085
0.545454545454545,"2021-01-08_19",22.096,120.749
7.44444444444444,"2021-01-08_19",22.079,121.528
7.66666666666667,"2021-01-08_19",23.992,121.607
14.6363636363636,"2021-01-08_19",24.895,121.274
17.5454545454545,"2021-01-08_19",24.928,121.283
24.2727272727273,"2021-01-08_19",24.041,120.64
20.0909090909091,"2021-01-08_19",23.777,120.522
28.5,"2021-01-08_19",24.958,121.305
16.5,"2021-01-08_19",23.72,120.21
10.3636363636364,"2021-01-08_19",25.052,121.371
0,"2021-01-08_19",23.342,120.192
18.7272727272727,"2021-01-08_19",24.955,121.208
3.6,"2021-01-08_19",24.766,120.914
6.27272727272727,"2021-01-08_19",24.414,120.77
12.7272727272727,"2021-01-08_19",24.421,120.629
9.5,"2021-01-08_19",24.745,120.933
24.6,"2021-01-08_19",23.472,120.453
6.8,"2021-01-08_19",24.843,120.927
5.4,"2021-01-08_19",24.814,120.922
14.1,"2021-01-08_19",24.789,120.927
2,"2021-01-08_19",23.432,121.35
3.63636363636364,"2021-01-08_19",23.993,121.607
29.5454545454545,"2021-01-08_19",23.103,120.358
30.1818181818182,"2021-01-08_19",23.123,120.209
14.8181818181818,"2021-01-08_19",23.522,120.23
25,"2021-01-08_19",23.63,120.226
15.1818181818182,"2021-01-08_19",24.864,121.213
24.5454545454545,"2021-01-08_19",23.322,120.264
9.3,"2021-01-08_19",22.685,120.477
4,"2021-01-08_19",24.718,121.109
24.1818181818182,"2021-01-08_19",24.111,120.677
24.3,"2021-01-08_19",24.884,121.134
0.1,"2021-01-08_19",22.057,120.712
6.2,"2021-01-08_19",23.994,121.594
0,"2021-01-08_19",24.112,120.695
27.6,"2021-01-08_19",24.956,121.238
9.5,"2021-01-08_19",24.58,121.303
4.90909090909091,"2021-01-08_19",24.767,120.914
20,"2021-01-08_19",24.93,121.287
4.6,"2021-01-08_19",24.535,120.832
5,"2021-01-08_19",24.746,120.933
22.3636363636364,"2021-01-08_19",24.094,120.647
13.3636363636364,"2021-01-08_19",24.258,120.66
10.0909090909091,"2021-01-08_19",24.326,120.636
18.3636363636364,"2021-01-08_19",22.541,120.537
2,"2021-01-08_19",24.575,121.868
0,"2021-01-08_19",23.049,120.175
3.11111111111111,"2021-01-08_19",23.002,121.29
2.3,"2021-01-08_19",23.468,121.496
6.11111111111111,"2021-01-08_19",23.497,121.373
3.63636363636364,"2021-01-08_19",24.427,120.871
12.3636363636364,"2021-01-08_19",24.257,120.57
24.8,"2021-01-08_19",24.968,121.304
24.4545454545455,"2021-01-08_19",23.647,120.459
17.8181818181818,"2021-01-08_19",23.801,120.452
16.9090909090909,"2021-01-08_19",24.15,120.615
20.2,"2021-01-08_19",23.7,120.31
5.4,"2021-01-08_19",24.758,120.948
29.0909090909091,"2021-01-08_19",24.241,120.787
21,"2021-01-08_19",24.219,120.667
0,"2021-01-08_19",24.078,120.718
27,"2021-01-08_19",24.157,120.757
0,"2021-01-08_19",22.006,120.818
18.3333333333333,"2021-01-08_19",22.509,120.482
54.4545454545455,"2021-01-08_19",24.478,118.313
0.666666666666667,"2021-01-08_19",23.584,119.653
0,"2021-01-08_19",22.125,120.846
4.2,"2021-01-08_19",23.577,119.569
0,"2021-01-08_19",22.073,120.717
34.8888888888889,"2021-01-08_19",23.076,120.495
32.3636363636364,"2021-01-08_19",23.465,120.555
23.25,"2021-01-08_19",22.984,120.203
4.72727272727273,"2021-01-08_19",24.691,121.018
8.9,"2021-01-08_19",23.527,119.589
0,"2021-01-08_19",23.569,119.581
3.9,"2021-01-08_19",23.523,121.39
6.1,"2021-01-08_19",25.155,121.694
19,"2021-01-08_19",23.587,120.318
16.1818181818182,"2021-01-08_19",24.897,121.277
10.7272727272727,"2021-01-08_19",24.147,120.551
15.5,"2021-01-08_19",24.871,121.235
17.25,"2021-01-08_19",23.797,120.419
19.7272727272727,"2021-01-08_19",24.145,120.647
20.5454545454545,"2021-01-08_19",24.115,120.685
23.5454545454545,"2021-01-08_19",24.115,120.676
15.9090909090909,"2021-01-08_19",24.308,120.695
16,"2021-01-08_19",24.279,120.557
12.3,"2021-01-08_19",22.677,120.496
22.9090909090909,"2021-01-08_19",23.015,120.2
17.8181818181818,"2021-01-08_19",23.575,120.177
15.1818181818182,"2021-01-08_19",23.817,120.414
19.6666666666667,"2021-01-08_19",24.953,121.204
37.2,"2021-01-08_19",23.612,120.608
16,"2021-01-08_19",23.484,120.177
29.9090909090909,"2021-01-08_19",23.699,120.54
27.8888888888889,"2021-01-08_19",23.152,120.238
31.9090909090909,"2021-01-08_19",22.969,120.361
21.2727272727273,"2021-01-08_19",24.122,120.669
30.4545454545455,"2021-01-08_19",23.373,120.31
21.3636363636364,"2021-01-08_19",24.963,121.221
14.4,"2021-01-08_19",22.764,121.142
17.1,"2021-01-08_19",22.771,120.497
1.7,"2021-01-08_19",23.632,121.398
4.9,"2021-01-08_19",23.671,121.425
6.5,"2021-01-08_19",23.156,121.227
2.81818181818182,"2021-01-08_19",24.756,121.747
3.7,"2021-01-08_19",23.244,121.272
29.3,"2021-01-08_19",23.705,120.517
24.7272727272727,"2021-01-08_19",23.692,120.481
23.1666666666667,"2021-01-08_19",24.095,120.719
17.0909090909091,"2021-01-08_19",24.187,120.643
41.5,"2021-01-08_19",23.632,120.228
16.5454545454545,"2021-01-08_19",24.881,121.21
44.9090909090909,"2021-01-08_19",23.595,120.597
18.1818181818182,"2021-01-08_19",23.6,120.462
16,"2021-01-08_19",22.615,120.468
0,"2021-01-08_19",22.075,120.715
5.27272727272727,"2021-01-08_19",24.891,121.053
5.4,"2021-01-08_19",24.741,121.022
18.9090909090909,"2021-01-08_19",22.727,120.486
10,"2021-01-08_19",23.473,120.453
2.18181818181818,"2021-01-08_19",24.693,121.773
2.36363636363636,"2021-01-08_19",23.966,121.593
4.6,"2021-01-08_19",24.742,120.906
5.4,"2021-01-08_19",24.727,120.929
5,"2021-01-08_19",24.803,120.96
6,"2021-01-08_19",24.782,121.012
11.3636363636364,"2021-01-08_19",24.251,120.539
5.9,"2021-01-08_19",24.79,121.008
20.2727272727273,"2021-01-08_19",24.133,120.673
24.0909090909091,"2021-01-08_19",24.257,120.742
19.7,"2021-01-08_19",22.554,120.544
6.7,"2021-01-08_19",24.103,121.606
15,"2021-01-08_19",22.659,120.473
4.27272727272727,"2021-01-08_19",23.549,119.617
3.22222222222222,"2021-01-08_19",23.576,121.361
2.36363636363636,"2021-01-08_19",23.709,121.42
2.1,"2021-01-08_19",24.696,121.8
1,"2021-01-08_19",24.576,121.844
29.8181818181818,"2021-01-08_19",22.914,120.272
9.18181818181818,"2021-01-08_19",25.016,121.173
1.7,"2021-01-08_19",24.676,121.732
2.8,"2021-01-08_19",23.66,121.448
19.1818181818182,"2021-01-08_19",24.975,121.26
13,"2021-01-08_19",24.16,120.566
1.81818181818182,"2021-01-08_19",24.082,121.606
33.0909090909091,"2021-01-08_19",23.345,120.437
19.5454545454545,"2021-01-08_19",24.925,121.31
16.6363636363636,"2021-01-08_19",24.857,121.215
20.5454545454545,"2021-01-08_19",23.676,120.446
33.8181818181818,"2021-01-08_19",23.056,120.404
17,"2021-01-08_19",23.539,120.225
24.7,"2021-01-08_19",24.977,121.306
18.2222222222222,"2021-01-08_19",24.919,121.137
18.0909090909091,"2021-01-08_19",24.154,120.652
26.8,"2021-01-08_19",23.604,120.393
21.3636363636364,"2021-01-08_19",23.628,120.334
39.5,"2021-01-08_19",23.486,120.564
31.3636363636364,"2021-01-08_19",23.219,120.161
26.8181818181818,"2021-01-08_19",24.911,121.159
24,"2021-01-08_19",23.066,120.131
23.1818181818182,"2021-01-08_19",23.369,120.332
26.2,"2021-01-08_19",23.529,120.452
8,"2021-01-08_19",25.05,121.225
15.9090909090909,"2021-01-08_19",23.42,120.183
22.25,"2021-01-08_19",23.291,120.33
19.8333333333333,"2021-01-08_19",23.265,120.125
24.8181818181818,"2021-01-08_19",23,120.166
18.5454545454545,"2021-01-08_19",23.558,120.304
21.9545454545455,"2021-01-08_19",24.136,120.678
26.5,"2021-01-08_19",23.757,120.499
23.1818181818182,"2021-01-08_19",24.152,120.666
14.8181818181818,"2021-01-08_19",24.169,120.574
19.9090909090909,"2021-01-08_19",23.711,120.266
26.6666666666667,"2021-01-08_19",23.741,120.402
21.8181818181818,"2021-01-08_19",24.132,120.659
3,"2021-01-08_19",24.742,120.913
5.9,"2021-01-08_19",24.78,121.023
22.8181818181818,"2021-01-08_19",23.307,120.317
11.4166666666667,"2021-01-08_19",25.077,121.319
22.9090909090909,"2021-01-08_19",24.993,121.34
19.0909090909091,"2021-01-08_19",23.67,120.349
30.2,"2021-01-08_19",24.954,121.258
29.5,"2021-01-08_19",23.759,120.487
22.9090909090909,"2021-01-08_19",24.94,121.219
18.3636363636364,"2021-01-08_19",23.599,120.28
23.5454545454545,"2021-01-08_19",23.153,120.179
1,"2021-01-08_19",24.664,121.764
4.72727272727273,"2021-01-08_19",24.736,121.087
1.7,"2021-01-08_19",24.748,121.691
3.6,"2021-01-08_19",24.764,121.756
4,"2021-01-08_19",23.56,119.599
22.7272727272727,"2021-01-08_19",24.93,121.252
2.1,"2021-01-08_19",24.426,121.75
8.4,"2021-01-08_19",24.902,120.991
17,"2021-01-08_19",24.185,120.668
43.8888888888889,"2021-01-08_19",22.554,120.631
24.0909090909091,"2021-01-08_19",23.276,120.258
16.1666666666667,"2021-01-08_19",24.12,120.66
24,"2021-01-08_19",24.139,120.696
3.8,"2021-01-08_19",24.787,121.76
1.27272727272727,"2021-01-08_19",23.322,121.299
5.1,"2021-01-08_19",23.452,121.393
37.5,"2021-01-08_19",22.368,120.664
56.4545454545455,"2021-01-08_19",24.432,118.246
21.2,"2021-01-08_19",22.47,120.551
2.7,"2021-01-08_19",24.207,121.483
6.09090909090909,"2021-01-08_19",24.867,121.028
14.3,"2021-01-08_19",22.674,120.488
4.1,"2021-01-08_19",23.636,121.43
0.7,"2021-01-08_19",24.467,121.8
2.81818181818182,"2021-01-08_19",24.779,121.7
9.6,"2021-01-08_19",23.48,120.421
3.90909090909091,"2021-01-08_19",24.903,120.991
23,"2021-01-08_19",23.238,120.175
35.1818181818182,"2021-01-08_19",23.464,120.553
9.3,"2021-01-08_19",24.861,121.213
27.2727272727273,"2021-01-08_19",23.05,120.219
10.0909090909091,"2021-01-08_19",25.045,121.315
23.1818181818182,"2021-01-08_19",23.312,120.324
26.1818181818182,"2021-01-08_19",23.139,120.324
26.6363636363636,"2021-01-08_19",22.97,120.297
18.8333333333333,"2021-01-08_19",23.302,120.126
33.4545454545455,"2021-01-08_19",24.105,120.729
18.3,"2021-01-08_19",22.621,120.582
11.4545454545455,"2021-01-08_19",23.476,120.455
19,"2021-01-08_19",24.147,120.639
17.6363636363636,"2021-01-08_19",23.467,120.251
18.3333333333333,"2021-01-08_19",22.595,120.556
30.3636363636364,"2021-01-08_19",22.261,120.651
17.5,"2021-01-08_19",22.677,120.504
13.5454545454545,"2021-01-08_19",24.277,120.575
10.6666666666667,"2021-01-08_19",24.877,120.998
0,"2021-01-08_19",22.023,120.721
0,"2021-01-08_19",22.073,120.814
24.6363636363636,"2021-01-08_19",23.306,120.363
9.81818181818182,"2021-01-08_19",24.992,121.18
39,"2021-01-08_19",23.007,120.179
4.72727272727273,"2021-01-08_19",23.22,121.265
38,"2021-01-08_19",23.045,120.481
35.4545454545455,"2021-01-08_19",22.904,120.352
25.1818181818182,"2021-01-08_19",23.309,120.309
29.9,"2021-01-08_19",23.633,120.523
21.3636363636364,"2021-01-08_19",22.991,120.163
8.54545454545454,"2021-01-08_19",23.472,120.439
4.2,"2021-01-08_19",24.822,121.769
20.0909090909091,"2021-01-08_19",23.612,120.219
3.36363636363636,"2021-01-08_19",23.431,120.66
19.1818181818182,"2021-01-08_19",23.422,120.183
24.2727272727273,"2021-01-08_19",23.145,120.157
27.3636363636364,"2021-01-08_19",23.048,120.179
9.0625,"2021-01-08_19",25.052,121.544
3.6,"2021-01-08_19",24.797,120.944
4.63636363636364,"2021-01-08_19",24.51,120.721
5.9,"2021-01-08_19",24.788,121.013
5.81818181818182,"2021-01-08_19",24.79,120.967
4.81818181818182,"2021-01-08_19",24.785,120.93
3,"2021-01-08_19",24.825,121.821
4.72727272727273,"2021-01-08_19",23.54,119.545
4,"2021-01-08_19",24.777,121.176
17,"2021-01-08_19",22.808,120.492
12.4545454545455,"2021-01-08_19",23.411,120.251
31,"2021-01-08_19",23.674,120.538
23.3636363636364,"2021-01-08_19",24.089,120.728
24.2727272727273,"2021-01-08_19",23.687,120.389
23.7272727272727,"2021-01-08_19",23.25,120.273
23.0909090909091,"2021-01-08_19",22.989,120.203
21.7272727272727,"2021-01-08_19",23.267,120.246
27.8,"2021-01-08_19",23.593,120.302
33.2727272727273,"2021-01-08_19",23.756,120.641
3,"2021-01-08_19",24.927,121.019
5.5,"2021-01-08_19",24.705,121.106
0.0909090909090909,"2021-01-08_19",23.278,121.273
13.1818181818182,"2021-01-08_19",24.881,121.292
4.5,"2021-01-08_19",24.686,120.936
16.6363636363636,"2021-01-08_19",23.215,120.136
3,"2021-01-08_19",24.82,120.964
18.5454545454545,"2021-01-08_19",24.248,120.724
5,"2021-01-08_19",24.827,121.12
5.63636363636364,"2021-01-08_19",24.813,121.003
21.6363636363636,"2021-01-08_19",24.992,121.327
15.3,"2021-01-08_19",22.595,120.49
10.1,"2021-01-08_19",23.473,120.416
12.8181818181818,"2021-01-08_19",23.383,120.668
18.8181818181818,"2021-01-08_19",23.467,120.248
8.81818181818182,"2021-01-08_19",24.937,121.08
13,"2021-01-08_19",23.634,120.152
21.5555555555556,"2021-01-08_19",23.717,120.418
18.8181818181818,"2021-01-08_19",24.165,120.649
3,"2021-01-08_19",24.901,121.862
6,"2021-01-08_19",23.265,121.303
1.45454545454545,"2021-01-08_19",24.614,121.854
4.2,"2021-01-08_19",23.321,121.339
3.72727272727273,"2021-01-08_19",24.78,121.744
19.8181818181818,"2021-01-08_19",24.155,120.673
24.0909090909091,"2021-01-08_19",24.148,120.687
17,"2021-01-08_19",24.909,121.279
14.6363636363636,"2021-01-08_19",24.185,120.593
33,"2021-01-08_19",24.924,121.184
29.2222222222222,"2021-01-08_19",23.64,120.201
19.6363636363636,"2021-01-08_19",24.986,121.29
13.2727272727273,"2021-01-08_19",25.022,121.304
1,"2021-01-08_19",23.462,121.496
17.6363636363636,"2021-01-08_19",24.276,120.774
5.4,"2021-01-08_19",24.684,120.87
18.9090909090909,"2021-01-08_19",22.473,120.522
17.2727272727273,"2021-01-08_19",22.726,120.61
1,"2021-01-08_19",23.469,121.497
4.1,"2021-01-08_19",24.569,120.813
4.1,"2021-01-08_19",24.757,121.209
4.09090909090909,"2021-01-08_19",24.813,121.76
22.1818181818182,"2021-01-08_19",22.464,120.533
5,"2021-01-08_19",24.689,121.02
18.0909090909091,"2021-01-08_19",22.781,120.495
23.0909090909091,"2021-01-08_19",22.33,120.364
16.1818181818182,"2021-01-08_19",22.678,120.478
0.272727272727273,"2021-01-08_19",21.944,120.801
0.363636363636364,"2021-01-08_19",24.465,121.804
4,"2021-01-08_19",24.446,120.706
3.90909090909091,"2021-01-08_19",24.473,120.666
4.1,"2021-01-08_19",24.426,120.727
3.81818181818182,"2021-01-08_19",24.542,120.695
3.6,"2021-01-08_19",24.84,120.941
44.1,"2021-01-08_19",24.446,118.378
4.6,"2021-01-08_19",24.491,120.792
4.3,"2021-01-08_19",24.763,121.729
5.6,"2021-01-08_19",24.734,120.968
17.9,"2021-01-08_19",22.611,120.571
2.63636363636364,"2021-01-08_19",23.155,121.267
6.54545454545455,"2021-01-08_19",23.173,121.249
6,"2021-01-08_19",23.4,119.323
1.3,"2021-01-08_19",24.597,121.842
0,"2021-01-08_19",22.009,120.745
2.2,"2021-01-08_19",24.725,121.763
0,"2021-01-08_19",21.968,120.759
14.5454545454545,"2021-01-08_19",24.36,120.947
18.7272727272727,"2021-01-08_19",24.937,121.164
20,"2021-01-08_19",22.702,120.636
19.8571428571429,"2021-01-08_19",23.219,120.106
23.4285714285714,"2021-01-08_19",24.308,120.715
29.6,"2021-01-08_19",24.686,121.397
16.8,"2021-01-08_19",23.805,120.366
25.3,"2021-01-08_19",22.305,120.643
26.4,"2021-01-08_19",22.554,120.632
31.3636363636364,"2021-01-08_19",23.687,120.587
15.9090909090909,"2021-01-08_19",24.105,120.618
6.09090909090909,"2021-01-08_19",24.798,121.002
20.5454545454545,"2021-01-08_19",23.756,120.374
27.7777777777778,"2021-01-08_19",23.254,120.296
22,"2021-01-08_19",22.551,120.474
0,"2021-01-08_19",22.235,120.803
3.5,"2021-01-08_19",24.75,121.714
6.09090909090909,"2021-01-08_19",24.78,121.03
2.8,"2021-01-08_19",24.754,121.742
3.1,"2021-01-08_19",24.711,121.652
29.4,"2021-01-08_19",23.768,120.399
19.2727272727273,"2021-01-08_19",23.519,120.207
25.8181818181818,"2021-01-08_19",23.232,120.261
20.5,"2021-01-08_19",23.094,120.099
1.54545454545455,"2021-01-08_19",23.525,121.379
11.2,"2021-01-08_19",23.478,120.484
11,"2021-01-08_19",23.462,120.46
15.3636363636364,"2021-01-08_19",23.498,121.374
23.5454545454545,"2021-01-08_19",24.897,121.213
5.45454545454545,"2021-01-08_19",24.641,120.83
5.1,"2021-01-08_19",24.806,120.973
4.9,"2021-01-08_19",24.813,120.965
6.18181818181818,"2021-01-08_19",24.402,120.766
9.5,"2021-01-08_19",23.472,120.466
4.2,"2021-01-08_19",24.58,120.85
6.1,"2021-01-08_19",24.693,120.879
12.25,"2021-01-08_19",24.347,120.64
27,"2021-01-08_19",24.172,120.702
26.2727272727273,"2021-01-08_19",24.062,120.643
14.7272727272727,"2021-01-08_19",24.351,120.626
30.7272727272727,"2021-01-08_19",22.929,120.282
15.5,"2021-01-08_19",22.601,120.56
26.9090909090909,"2021-01-08_19",22.526,120.629
5.7,"2021-01-08_19",24.688,121.765
19.4,"2021-01-08_19",23.263,121.303
2.54545454545455,"2021-01-08_19",24.665,121.827
2.4,"2021-01-08_19",23.674,121.427
14.3636363636364,"2021-01-08_19",23.337,120.138
16.6363636363636,"2021-01-08_19",24.178,120.665
22.4545454545455,"2021-01-08_19",24.912,121.143
21.7272727272727,"2021-01-08_19",24.921,121.292
16.0833333333333,"2021-01-08_19",24.863,121.218
0,"2021-01-08_19",24.107,120.624
22.6363636363636,"2021-01-08_19",24.996,121.305
5,"2021-01-08_19",24.795,120.952
25.9090909090909,"2021-01-08_19",23.123,120.247
20.1818181818182,"2021-01-08_19",23.606,120.371
23.8181818181818,"2021-01-08_19",23.239,120.267
30.5,"2021-01-08_19",23.561,120.606
19.8181818181818,"2021-01-08_19",23.573,120.296
28.8181818181818,"2021-01-08_19",23.027,120.256
18.8181818181818,"2021-01-08_19",24.135,120.658
31.4545454545455,"2021-01-08_19",24.983,121.315
23.5454545454545,"2021-01-08_19",23.268,120.278
24.3636363636364,"2021-01-08_19",24.125,120.714
15.7,"2021-01-08_19",24.918,121.25
17.7272727272727,"2021-01-08_19",23.492,120.187
22.4545454545455,"2021-01-08_19",23.557,120.285
28.4,"2021-01-08_19",23.712,120.551
18.2727272727273,"2021-01-08_19",23.772,120.413
25,"2021-01-08_19",23.74,120.222
5.18181818181818,"2021-01-08_19",24.498,120.81
5.18181818181818,"2021-01-08_19",24.798,120.95
5.72727272727273,"2021-01-08_19",24.764,121.054
4.8,"2021-01-08_19",24.495,120.723
3.45454545454545,"2021-01-08_19",24.844,120.928
6.9,"2021-01-08_19",24.631,121.118
17.6363636363636,"2021-01-08_19",22.631,120.594
18,"2021-01-08_19",23.793,120.46
26,"2021-01-08_19",23.769,120.412
23.4,"2021-01-08_19",23.68,120.479
13.1818181818182,"2021-01-08_19",24.134,120.607
12.6363636363636,"2021-01-08_19",24.348,120.624
18.3636363636364,"2021-01-08_19",23.436,120.183
20.3636363636364,"2021-01-08_19",23.758,120.252
75,"2021-01-08_19",24.158,120.634
18.5,"2021-01-08_19",24.122,120.629
3.18181818181818,"2021-01-08_19",24.574,120.936
11.6363636363636,"2021-01-08_19",24.365,120.602
5.2,"2021-01-08_19",24.463,120.812
4.1,"2021-01-08_19",24.562,120.713
4.90909090909091,"2021-01-08_19",24.611,120.827
4.81818181818182,"2021-01-08_19",24.687,120.96
10.5454545454545,"2021-01-08_19",25.02,121.293
24.0909090909091,"2021-01-08_19",24.129,120.691
35.1818181818182,"2021-01-08_19",24.945,121.227
14,"2021-01-08_19",24.306,120.593
14.6363636363636,"2021-01-08_19",23.702,120.192
4.63636363636364,"2021-01-08_19",24.44,120.655
4.2,"2021-01-08_19",24.469,120.833
4.18181818181818,"2021-01-08_19",24.564,120.825
8.6,"2021-01-08_19",24.394,120.921
3.1,"2021-01-08_19",24.605,121.001
11.4545454545455,"2021-01-08_19",24.383,120.606
14.6363636363636,"2021-01-08_19",24.192,120.544
21.3636363636364,"2021-01-08_19",23.315,120.316
14.2,"2021-01-08_19",24.276,120.634
11.6363636363636,"2021-01-08_19",24.375,120.68
4.09090909090909,"2021-01-08_19",24.57,120.831
14.3636363636364,"2021-01-08_19",24.344,120.618
6.2,"2021-01-08_19",24.706,120.896
5.8,"2021-01-08_19",24.44,120.926
5,"2021-01-08_19",24.682,120.947
18.9,"2021-01-08_19",24.151,120.642
19.5454545454545,"2021-01-08_19",24.246,120.686
17.0909090909091,"2021-01-08_19",24.286,120.792
4,"2021-01-08_19",24.573,120.828
24.6363636363636,"2021-01-08_19",24.1,120.69
13.2727272727273,"2021-01-08_19",24.239,120.636
4.8,"2021-01-08_19",24.586,120.885
5,"2021-01-08_19",24.688,120.912
1,"2021-01-08_19",23.652,121.536
29,"2021-01-08_19",23.307,120.182
37.0909090909091,"2021-01-08_19",23.518,120.591
13.1818181818182,"2021-01-08_19",24.39,120.655
28,"2021-01-08_19",23.042,120.133
12.3636363636364,"2021-01-08_19",24.345,120.588
13.2,"2021-01-08_19",24.293,120.61
34.5,"2021-01-08_19",23.738,120.514
32,"2021-01-08_19",23.663,120.564
11.0909090909091,"2021-01-08_19",24.226,120.557
11.9166666666667,"2021-01-08_19",24.341,120.629
30.4545454545455,"2021-01-08_19",23.443,120.454
22.3636363636364,"2021-01-08_19",24.18,120.697
5,"2021-01-08_19",24.543,120.971
3.27272727272727,"2021-01-08_19",24.601,121.04
4.9,"2021-01-08_19",24.484,120.708
4.3,"2021-01-08_19",24.438,120.664
1,"2021-01-08_19",25.059,121.578
5.90909090909091,"2021-01-08_19",24.465,120.786
27.1666666666667,"2021-01-08_19",24.942,121.207
17.5833333333333,"2021-01-08_19",24.307,120.723
9.16666666666667,"2021-01-08_19",25.008,121.215
13,"2021-01-08_19",24.89,121.052
2,"2021-01-08_19",25.097,121.754
19.7,"2021-01-08_19",22.304,120.643
1.3,"2021-01-08_19",23.316,121.451
0.1,"2021-01-08_19",23.12,121.393
0,"2021-01-08_19",22.204,120.7
21.6,"2021-01-08_19",23.774,120.266
26.2727272727273,"2021-01-08_19",24.066,120.736
4.9,"2021-01-08_19",24.344,120.767
5.18181818181818,"2021-01-08_19",24.646,120.81
17.0909090909091,"2021-01-08_19",24.181,120.669
19.2727272727273,"2021-01-08_19",25.009,121.321
23.0909090909091,"2021-01-08_19",24.175,120.685
22.0833333333333,"2021-01-08_19",23.38,120.248
14,"2021-01-08_19",24.262,120.704
12.7272727272727,"2021-01-08_19",24.378,120.651
21.0909090909091,"2021-01-08_19",24.247,120.715
25.7272727272727,"2021-01-08_19",23.352,120.414
25.3333333333333,"2021-01-08_19",23.28,120.332
9.09090909090909,"2021-01-08_19",24.312,120.562
21.0909090909091,"2021-01-08_19",24.167,120.692
23.9090909090909,"2021-01-08_19",24.16,120.673
18.1818181818182,"2021-01-08_19",24.173,120.683
24.2,"2021-01-08_19",24.194,120.813
16.7777777777778,"2021-01-08_19",24.18,120.576
44.3333333333333,"2021-01-08_19",23.729,120.485
23.8636363636364,"2021-01-08_19",24.123,120.752
18.2727272727273,"2021-01-08_19",23.382,120.172
5.45454545454545,"2021-01-08_19",24.692,120.907
5.5,"2021-01-08_19",24.685,120.876
5.6,"2021-01-08_19",24.694,120.876
4.09090909090909,"2021-01-08_19",24.493,120.681
5.9,"2021-01-08_19",24.615,120.796
15.7272727272727,"2021-01-08_19",23.792,120.312
34.2727272727273,"2021-01-08_19",23.064,120.39
0.818181818181818,"2021-01-08_19",24.168,120.698
25.9090909090909,"2021-01-08_19",24.167,120.679
34,"2021-01-08_19",24.922,121.149
20,"2021-01-08_19",24.882,121.195
12.5454545454545,"2021-01-08_19",24.162,120.618
19,"2021-01-08_19",22.419,120.505
26.3636363636364,"2021-01-08_19",22.475,120.611
19.4545454545455,"2021-01-08_19",22.426,120.495
4,"2021-01-08_19",23.936,121.579
3.54545454545455,"2021-01-08_19",23.979,121.603
19.5,"2021-01-08_19",22.488,120.441
28.7272727272727,"2021-01-08_19",24.084,120.753
8,"2021-01-08_19",24.261,120.658
14.0909090909091,"2021-01-08_19",24.222,120.651
32.9090909090909,"2021-01-08_19",24.238,120.851
5.18181818181818,"2021-01-08_19",24.498,120.828
15.8571428571429,"2021-01-08_19",22.68,120.498
19,"2021-01-08_19",22.562,120.492
16.7,"2021-01-08_19",22.55,120.5
3.90909090909091,"2021-01-08_19",24.662,121.122
0,"2021-01-08_19",21.97,120.735
9.2,"2021-01-08_19",23.662,119.66
22.0909090909091,"2021-01-08_19",22.572,120.596
4.9,"2021-01-08_19",23.737,119.606
4.125,"2021-01-08_19",24.726,121.088
46.6,"2021-01-08_19",22.37,120.627
25.8181818181818,"2021-01-08_19",23.064,120.201
11.7272727272727,"2021-01-08_19",24.264,120.545
16.8181818181818,"2021-01-08_19",23.379,120.339
26.8181818181818,"2021-01-08_19",23.323,120.405
13,"2021-01-08_19",24.249,120.599
17.5,"2021-01-08_19",24.194,120.608
24.5833333333333,"2021-01-08_19",24.113,120.684
3,"2021-01-08_19",24.629,121.009
14.3636363636364,"2021-01-08_19",24.348,120.931
5.27272727272727,"2021-01-08_19",24.688,120.865
5.5,"2021-01-08_19",24.681,120.884
4.90909090909091,"2021-01-08_19",24.819,120.975
4.6,"2021-01-08_19",24.553,120.815
4.72727272727273,"2021-01-08_19",24.528,120.752
12.8181818181818,"2021-01-08_19",24.244,120.567
22,"2021-01-08_19",24.18,120.671
23.8181818181818,"2021-01-08_19",24.042,120.697
20,"2021-01-08_19",24.202,120.703
32.125,"2021-01-08_19",23.626,120.554
16.7272727272727,"2021-01-08_19",24.17,120.66
22.8181818181818,"2021-01-08_19",24.114,120.662
16.7272727272727,"2021-01-08_19",24.305,120.723
18.7,"2021-01-08_19",22.524,120.452
16.2727272727273,"2021-01-08_19",24.236,120.667
5.3,"2021-01-08_19",24.695,120.91
5.1,"2021-01-08_19",24.338,120.849
4.72727272727273,"2021-01-08_19",24.556,120.757
4.27272727272727,"2021-01-08_19",24.559,120.813
5.1,"2021-01-08_19",24.692,120.901
5.09090909090909,"2021-01-08_19",23.556,120.724
30.5454545454545,"2021-01-08_19",24.237,120.88
24.9090909090909,"2021-01-08_19",22.935,120.186
16.6363636363636,"2021-01-08_19",24.263,120.83
13.5454545454545,"2021-01-08_19",24.265,120.574
14.4545454545455,"2021-01-08_19",23.795,120.392
33.0909090909091,"2021-01-08_19",23.768,120.597
13.7272727272727,"2021-01-08_19",24.346,120.705
28.1818181818182,"2021-01-08_19",23.019,120.276
26.2727272727273,"2021-01-08_19",23.295,120.386
25.5454545454545,"2021-01-08_19",22.973,120.19
17.8181818181818,"2021-01-08_19",25.019,121.315
20.4,"2021-01-08_19",23.652,120.272
25.0909090909091,"2021-01-08_19",24.035,120.724
16.2222222222222,"2021-01-08_19",23.764,120.309
18,"2021-01-08_19",24.26,120.596
22.0909090909091,"2021-01-08_19",23.759,120.288
22.7272727272727,"2021-01-08_19",24.178,120.699
16.625,"2021-01-08_19",24.247,120.729
25.6363636363636,"2021-01-08_19",24.144,120.682
22.3636363636364,"2021-01-08_19",24.095,120.679
24.0909090909091,"2021-01-08_19",22.975,120.204
12.8333333333333,"2021-01-08_19",24.354,120.623
64.4,"2021-01-08_19",24.388,120.971
5.90909090909091,"2021-01-08_19",24.465,120.941
4.27272727272727,"2021-01-08_19",24.413,120.714
4.54545454545455,"2021-01-08_19",24.558,120.758
5.2,"2021-01-08_19",24.675,120.862
5.18181818181818,"2021-01-08_19",24.809,121.121
23.0909090909091,"2021-01-08_19",24.171,120.696
17.4545454545455,"2021-01-08_19",23.785,120.356
354.6,"2021-01-08_19",24.963,121.214
11.9090909090909,"2021-01-08_19",24.253,120.531
36.5454545454545,"2021-01-08_19",24.183,120.93
3.36363636363636,"2021-01-08_19",24.255,121.259
14.9090909090909,"2021-01-08_19",24.22,120.646
17.2727272727273,"2021-01-08_19",24.25,120.697
20.6666666666667,"2021-01-08_19",23.702,120.388
14.3636363636364,"2021-01-08_19",24.994,121.25
162.333333333333,"2021-01-08_19",22.961,120.17
15,"2021-01-08_19",24.253,120.532
14.4545454545455,"2021-01-08_19",24.221,120.632
24.5833333333333,"2021-01-08_19",24.136,120.698
29.9090909090909,"2021-01-08_19",24.242,120.834
18.5833333333333,"2021-01-08_19",24.213,120.71
30,"2021-01-08_19",24.221,120.839
15.2727272727273,"2021-01-08_19",24.229,120.644
28,"2021-01-08_19",24.204,120.725
22.2727272727273,"2021-01-08_19",24.197,120.695
22.3636363636364,"2021-01-08_19",24.152,120.674
29.4545454545455,"2021-01-08_19",24.257,120.851
37.5833333333333,"2021-01-08_19",24.159,120.864
21,"2021-01-08_19",24.085,120.71
18.1818181818182,"2021-01-08_19",24.171,120.67
20.2727272727273,"2021-01-08_19",24.262,120.745
13.4,"2021-01-08_19",24.235,120.563
92.6666666666667,"2021-01-08_19",25.11,121.238
20.8333333333333,"2021-01-08_19",24.134,120.684
21.6363636363636,"2021-01-08_19",24.074,120.667
25,"2021-01-08_19",24.155,120.679
25.7272727272727,"2021-01-08_19",24.062,120.698
21.8181818181818,"2021-01-08_19",24.166,120.713
15.8888888888889,"2021-01-08_19",23.683,120.285
12.5454545454545,"2021-01-08_19",23.379,120.152
42.5,"2021-01-08_19",24.974,121.227
14.9090909090909,"2021-01-08_19",24.189,120.615
20.3,"2021-01-08_19",23.7,120.371
19.0909090909091,"2021-01-08_19",24.975,121.251
13.1818181818182,"2021-01-08_19",25.022,121.299
23.9545454545455,"2021-01-08_19",24.061,120.668
22.7272727272727,"2021-01-08_19",24.35,120.615
17,"2021-01-08_19",24.945,121.203
29,"2021-01-08_19",24.942,121.229
16.7272727272727,"2021-01-08_19",24.173,120.617
26.1818181818182,"2021-01-08_19",22.98,120.196
35,"2021-01-08_19",23.686,120.604
33.4,"2021-01-08_19",24.328,120.921
24,"2021-01-08_19",23.657,120.511
23.9090909090909,"2021-01-08_19",24.123,120.718
19.6,"2021-01-08_19",24.162,120.658
4.36363636363636,"2021-01-08_19",24.318,121.294
28.0909090909091,"2021-01-08_19",24.133,120.724
12.3333333333333,"2021-01-08_19",24.226,120.569
26.7272727272727,"2021-01-08_19",24.071,120.644
23.1,"2021-01-08_19",24.913,121.211
14.1818181818182,"2021-01-08_19",24.239,120.566
17.8181818181818,"2021-01-08_19",24.168,120.66
16.7,"2021-01-08_19",24.194,120.677
19.2727272727273,"2021-01-08_19",24.261,120.719
26.1818181818182,"2021-01-08_19",24.174,120.72
23.6363636363636,"2021-01-08_19",24.149,120.737
30.4545454545455,"2021-01-08_19",24.942,121.252
146.142857142857,"2021-01-08_19",23.642,120.483
24.7,"2021-01-08_19",23.719,120.442
12.7272727272727,"2021-01-08_19",24.267,120.603
1.4,"2021-01-08_19",23.176,121.249
21.2727272727273,"2021-01-08_19",24.137,120.679
12.5833333333333,"2021-01-08_19",24.406,120.648
30.6363636363636,"2021-01-08_19",23.604,120.632
19.1,"2021-01-08_19",23.662,120.423
20.5454545454545,"2021-01-08_19",23.749,120.464
25,"2021-01-08_19",24.975,121.27
12.8181818181818,"2021-01-08_19",24.245,120.529
12.9090909090909,"2021-01-08_19",24.305,120.596
23.2727272727273,"2021-01-08_19",23.246,120.16
17.8181818181818,"2021-01-08_19",23.621,120.315
17.1818181818182,"2021-01-08_19",24.968,121.261
21.2727272727273,"2021-01-08_19",24.894,121.203
17.3,"2021-01-08_19",24.216,120.651
13.75,"2021-01-08_19",24.24,120.704
20.8181818181818,"2021-01-08_19",24.16,120.684
11.4545454545455,"2021-01-08_19",24.349,120.656
19.1818181818182,"2021-01-08_19",24.078,120.69
27.0909090909091,"2021-01-08_19",24.263,120.743
14.5454545454545,"2021-01-08_19",24.244,120.542
15.3636363636364,"2021-01-08_19",24.217,120.685
13.5454545454545,"2021-01-08_19",24.273,120.658
19.4545454545455,"2021-01-08_19",24.911,121.232
16.2727272727273,"2021-01-08_19",24.11,120.594
16.3636363636364,"2021-01-08_19",25.015,121.296
0,"2021-01-08_19",24.145,120.64
8.7,"2021-01-08_19",25.1,121.737
14.6363636363636,"2021-01-08_19",24.175,120.64
20.8333333333333,"2021-01-08_19",24.15,120.686
19.3636363636364,"2021-01-08_19",25.062,121.582
13.2727272727273,"2021-01-08_19",24.269,120.563
6,"2021-01-08_19",24.769,120.979
5.9,"2021-01-08_19",24.687,120.935
4.4,"2021-01-08_19",24.654,120.883
5.81818181818182,"2021-01-08_19",24.686,120.901
5,"2021-01-08_19",24.813,120.979
4.8,"2021-01-08_19",24.49,120.789
4.18181818181818,"2021-01-08_19",24.553,120.822
5.36363636363636,"2021-01-08_19",24.688,120.886
5,"2021-01-08_19",24.656,120.881
